Model,Part_Number,SAP_Part_Number,Description,Validity
ALFA,PMAM0102AM1220N-V,PMAM0102AM1220N,SIDE MEMBER FRONT RH,
ALFA,PMAM0102AM1760N-V,PMAM0102AM1760N,SIDE MEMBER FRONT LH,
ALFA,PMAM0104CM0850N-V,PMAM0104CM0850N,FOOT STEP PANEL LH,
ALFA,PMAM0104CM0860N-V,PMAM0104CM0860N,FOOT STEP PANEL RH,
ARJUN,PMAM000060439M01,PMAM000060439M01,Close Out Plate End,
ARJUN,PMAM000060975M01,PMAM000060975M01,Bkt.Canopy Mtg,
ARJUN,PMAM000061057M01,PMAM000061057M01,Reinforcement Fender Support Side,
ARJUN,PMAM000061058M01,PMAM000061058M01,Reinforcment Fender Support Front,
ARJUN,PMAM000061167M01,PMAM000061167M01,Handle Reinforcement,
ARJUN,PMAM0060528M01,PMAM0060528M01,Close Out Plate End,
ARJUN,PMAM007530221C1,PMAM007530221C1,,
ARJUN,PMAM007530223C1,PMAM007530223C1,,
ARJUN,PMAM007530224C1,PMAM007530224C1,,
ARJUN,PMAM007530230C1,PMAM007530230C1,Reinforcment Plate,
ARJUN,PMAM007530348C1,PMAM007530348C1,,
ARJUN,PMAM007530716C1,PMAM007530716C1-I,STIFFNER FOR FENDER M&M ULTRA EN_MI_74,
ARJUN,PMAM007537442C1,PMAM007537442C1,FRONT PANEL SIDE EXTENTION LH,
ARJUN,PMAM007537443C1,PMAM007537443C1,FRONT PANEL SIDE EXTENTION RH,
ARJUN,PMAM007538796C1,PMAM007538796C1-I,,
ARJUN,PMAM007541594D1-V,PMAM007541594D1-I,FRONT PANEL MIDDLE EXT,
ARJUN,,PMAM60366M01-I,REINF SCUTTLE PANEL SIDE LH,
ARJUN,,PMAM60367M01-I,REINF SCUTTLE PANEL SIDE RH,
ARJUN,PMAM60474M01,PMAM60474M01,LOCATING PLATE REAR RH,
ARJUN,PMAM60475M01,PMAM60475M01,LOCATING PLATE REAR LH,
ARJUN,PMAM60476M01-V,PMAM60476M01-I,LOCATING PLATE FRNT RH,
ARJUN,PMAM60477M01-V,PMAM60477M01-I,LOCATING PLATE FRONT I LH,
ARJUN,PMAM60861M01-V,PMAM60861M01-I,AIR CLOSER PLATE LH,
ARJUN,PMAM60862M01-V,PMAM60862M01-I,AIR CLOSER PLATE RH,
ARJUN,PMAM61040M01,PMAM61040M01-I,RUBBER STOPPER,
ARJUN,PMAM61117M01,PMAM61117M01,MIRRAR MTG PLATE,
ARJUN,PMAM61118M01,PMAM61118M01,REINFORCEMENT FOR INSTRUMENT PANEL,
ARJUN,PMAM61168M01,PMAM61168M01,SCUTTLE REINFORCEMENT,
ARJUN,PMAM61339M01,PMAM61339M01,ANGLE FOR SIDE PANEL,
ARJUN,PMAM7500450C1,PMAM7500450C1,,
ARJUN,PMAM7500521C1,PMAM7500521C1,,
ARJUN,PMAM7505183C11,PMAM7505183C11,,
ARJUN,PMAM7505186C11,PMAM7505186C11,,
ARJUN,PMAM7505219C1-V,PMAM7505219C1,,
ARJUN,PMAM7505220C1-V,PMAM7505220C1-V,,
ARJUN,PMAM7505221C1-V,PMAM7505221C1-V,,
ARJUN,PMAM7505222C1-V,PMAM7505222C1-V,,
ARJUN,PMAM7537439C1,PMAM7537439C1,,
ARJUN,PMAM7537440C1,PMAM7537440C1,AIR CLOSER OUT PLATE SIDE LH,
ARJUN,PMAM7537440C1,PMAM7537440C1-I,AIR CLOSER OUT PLATE SIDE LH,
ARJUN,PMAM7537441C1,PMAM7537441C1,AIR CLOSER OUT PLATE SIDE RH,
ARJUN,PMAM7537507C1,PMAM7537507C1-I,UPPER PLATE-BAZEL MTG,
ARJUN,PMAM7537519C1,PMAM7537519C1-I,LOWER PLATE-BAZEL MTG,
ARJUN,PMAM7540710C1-V,PMAM7540710C1-V,,
ARJUN,PMAM7540711C1-V,PMAM7540711C1-V,,
ARJUN,PMAM7903754C11-V,PMAM7903754C11-V,ASS. REINF UPPER FRT GRILLE-BOP,
ARJUN,PMAM7903755C11-V,PMAM7903755C11-V,ASS. REINF LOWER FRT GRILLE-BOP,
ARJUN,PMAMOA0061120M01,PMAMOA0061120M01,HINGE ASSLY FUEL FILTER DOOR,
BOLERO,PMAM0101BAN04040-V,PMAM0101BAN04040-I,COVER ASSY GEAR BOX FRT FLOOR-BOP,
BOLERO,PMAM0102AAP2410N-V,PMAM0101EAF02880-I,BRKT SEAT BELT ANCHG B PLR ( 2410 ),
BOLERO,PMAM67850-V,PMAM34281-I,ASSY TAPPING PLATE,
COMPACT,PMAM007500018D1,PMAM007500018D1-I,,
COMPACT,PMAM007501128D1,PMAM007501128D1,,
COMPACT,PMAM007501129D1,PMAM007501129D1,,
COMPACT,PMAM007501130D1,PMAM007501130D1,BONNET REINFORCEMENT MIDDLE END PLATE,
COMPACT,PMAM007501130D1,PMAM007501130D1,,
COMPACT,PMAM007530796D1,PMAM007530796D1,,
COMPACT,PMAM007538269D91-V,PMAM007538269D91,,
COMPACT,PMAM07501106D91,PMAM07501106D91,LAMP MTG BKT LUG SUB ASSY.,
COMPACT,PMAM7500956D1,PMAM7500956D1,PERFORATED FRONT GRILL BOTTOM,
COMPACT,PMAM7500967D1,PMAM7500967D1-I,,
COMPACT,PMAM7500969D1,PMAM7500969D1,,
COMPACT,PMAM7500991D1-V,PMAM7500991D1-I,,
COMPACT,PMAM7501081D1-SA-V,PMAM7501081D1,CONNECTING CHANEL HEAD LAMP MTG BKT-BOP,
COMPACT,PMAM7501082D1,PMAM7501082D1,,
COMPACT,PMAM7501085D1,PMAM7501085D1,,
COMPACT,PMAM7501086D1,PMAM7501086D1,,
COMPACT,PMAM7501089D1,PMAM7501089D1,Bonnet Bottom Corner Gusset LH,
COMPACT,PMAM7501090D1,PMAM7501090D1,Bonnet Bottom Corner Gusset RH,
COMPACT,PMAM7501098D1-V,PMAM7501098D1-I,,
COMPACT,PMAM7501099D1-V,PMAM7501099D1-I,,
COMPACT,PMAM7501101D1,PMAM7501101D1,,
COMPACT,PMAM7501102D1,PMAM7501102D1,,
COMPACT,PMAM7501104D1,PMAM7501104D1,Side Panel Bottom Mtg Bkt Rear,
COMPACT,PMAM7501126D91,PMAM7501126D91,Side Panel Sealing Sub Assy LH,
COMPACT,PMAM7501127D91,PMAM7501127D91,Side Panel Sealing Sub Assy RH,
COMPACT,PMAM7501145D1,PMAM7501145D1,Side Sealing Plate Side Panel Bottom LH,
COMPACT,PMAM7501146D1,PMAM7501146D1,Side Sealing Plate Side Panel Bottom RH,
COMPACT,PMAM7505333D1,PMAM7505333D1,BONNET OPENING KNOB MOUNTING BKT,
COMPACT,PMAM75155377D1,PMAM75155377D1,,
COMPACT,PMAM7538104D91,PMAM7538104D91,Front Platform Reinf Sub Assy RH Mech,
COMPACT,PMAM7538106D91,PMAM7538106D91,Front Platform Reinf  Sub Assy LH Mech,
COMPACT,PMAM7538108D91,PMAM7538108D91,,
COMPACT,PMAM7538113D91,PMAM7538113D91,,
COMPACT,PMAM7538114D1,PMAM7538114D1,,
COMPACT,PMAM7538117D91,PMAM7538117D91,,
COMPACT,PMAM7538151D1,PMAM7538151D1,,
COMPACT,PMAM7538151D1,PMAM7538151D1-I,,
COMPACT,PMAM7538161D91,PMAM7538161D91,Rear Platform HAT Section Assy,
COMPACT,PMAM7538165D1,PMAM7538165D1,,
COMPACT,PMAM7538265D91,PMAM7538265D91,,
COMPACT,PMAM7538266D1,PMAM7538266D1,,
COMPACT,PMAM7538271D1,PMAM7538271D1,Firewall Side Spacer RH,
COMPACT,PMAM7538271D1,PMAM7538271D1,,
COMPACT,PMAM7538272D1,PMAM7538272D1,Firewall Side Spacer LH,
COMPACT,PMAM7538272D1,PMAM7538272D1,,
COMPACT,PMAM7538327D1,PMAM7538327D1-I,,
COMPACT,PMAM7538480D1,PMAM7538480D1,,
COMPACT,PMAM7538516D1,PMAM7538516D1,Soft Joint Firewall Washer,
COMPACT,PMAM7538516D1,PMAM7538516D1,,
COMPACT,PMAM7539371D1,PMAM7539371D1,REINFORCEMENT PLATE,
COMPACT,PMAM7539386D91,PMAM7539386D91,,
COMPACT,PMAM7539393D1,PMAM7539393D1-I,SIDE PANEL REINF,
COMPACT,PMAM7539426D1,PMAM7539426D1,Side panel bottom front lug LH,
COMPACT,PMAM7539427D1,PMAM7539427D1,Side panel bottom front lug RH,
COMPACT,PMAM7539733D91,PMAM7539733D91,,
COMPACT,PMAM7539734D91,PMAM7539734D91,,
COMPACT,PMAM7539735D1,PMAM7539735D1-I,Hst Platform bottom Gusset LH,
COMPACT,PMAME007531704D1,PMAME007531704D1,IDENTIFICATION PLATE ( FEND 388/389D91),
COMPACT,PMAME007531704D1,PMAME007531704D1,,
CURVV,,PTML284565108292-I,,
CURVV,PTML287161308258-I,PTML287161308258-I,REINF EXHAUST MTG REAR LONGITUDINAL,1
CURVV,PTML287161308258-I,PTML287161308258-I,REINF EXHAUST MTG REAR LONGITUDINAL,
CURVV,PTML287461308219-I,PTML287461308219-I,REINF EXH MTG LONG MBR RH REAR SIDE,1
CURVV,PTML287461308219-I,PTML287461308219-I,REINF EXH MTG LONG MBR RH REAR SIDE,
CURVV,PTML542142803300-I,PTML542142803300-I,WSS BRACKET ON REAR LONGITUDINAL MEMBER,2
CURVV,PTML542142803300-I,PTML542142803300-I,WSS BRACKET ON REAR LONGITUDINAL MEMBER,
CURVV,PTML542261103301-I,PTML542261103301-I,REINF CONNECTING TUBE BOTTOM LH,1
CURVV,PTML542261103301-I,PTML542261103301-I,REINF CONNECTING TUBE BOTTOM LH,
CURVV,PTML542261103302-I,PTML542261103302-I,REINF CONNECTING TUBE BOTTOM RH,1
CURVV,PTML542261103302-I,PTML542261103302-I,REINF CONNECTING TUBE BOTTOM RH,
CURVV,PTML542261208216-I,PTML542261208216-I,CROSS MBR REAR FLOOR RR LH,1
CURVV,PTML542261208216-I,PTML542261208216-I,CROSS MBR REAR FLOOR RR LH,
CURVV,PTML542261208217-I,PTML542261208217-I,CROSS MBR REAR FLOOR RR RH,1
CURVV,PTML542261208217-I,PTML542261208217-I,CROSS MBR REAR FLOOR RR RH,
CURVV,PTML543861103301-I,PTML543861103301-I,REINFORCEMENT BRACKET LH,1
CURVV,PTML543861103301-I,PTML543861103301-I,REINFORCEMENT BRACKET LH,
CURVV,PTML543861103302-I,PTML543861103302-I,REINFORCEMENT BRACKET RH,1
CURVV,PTML543861103302-I,PTML543861103302-I,REINFORCEMENT BRACKET RH,
CURVV,PTML543861103305-I,PTML543861103305-I,REINFORCEMENT PIVOT MTG BRACKET LH,1
CURVV,PTML543861103305-I,PTML543861103305-I,REINFORCEMENT PIVOT MTG BRACKET LH,
CURVV,PTML543861103306-I,PTML543861103306-I,REINFORCEMENT PIVOT MTG BRACKET RH,1
CURVV,PTML543861103306-I,PTML543861103306-I,REINFORCEMENT PIVOT MTG BRACKET RH,
CURVV,PTML543861103309-I,PTML543861103309-I,LONGITUDINAL EXTENSION LH,1
CURVV,PTML543861103309-I,PTML543861103309-I,LONGITUDINAL EXTENSION LH,
CURVV,PTML543861103310-I,PTML543861103310-I,LONGITUDINAL EXTENSION RH,1
CURVV,PTML543861103310-I,PTML543861103310-I,LONGITUDINAL EXTENSION RH,
CURVV,PTML543861108203-I,PTML543861108203-I,DIAPHARM PIVOT MTG REAR LH,1
CURVV,PTML543861108203-I,PTML543861108203-I,DIAPHARM PIVOT MTG REAR LH,
CURVV,PTML543861108204-I,PTML543861108204-I,DIAPHARM PIVOT MTG REAR RH,1
CURVV,PTML543861108204-I,PTML543861108204-I,DIAPHARM PIVOT MTG REAR RH,
CURVV,PTML543861108236-I,PTML543861108236-I,REINFORCEMENT LONGITUDINAL CENTER LH,1
CURVV,PTML543861108236-I,PTML543861108236-I,REINFORCEMENT LONGITUDINAL CENTER LH,
CURVV,PTML543861108237-I,PTML543861108237-I,REINFORCEMENT LONGITUDINAL CENTER RH,1
CURVV,PTML543861108237-I,PTML543861108237-I,REINFORCEMENT LONGITUDINAL CENTER RH,
CURVV,PTML543861108238-I,PTML543861108238-I,BRACKET LH,1
CURVV,PTML543861108238-I,PTML543861108238-I,BRACKET LH,
CURVV,PTML543861108239-I,PTML543861108239-I,BRACKET RH,1
CURVV,PTML543861108239-I,PTML543861108239-I,BRACKET RH,
CURVV,PTML543861108240-I,PTML543861108240-I,GUSSET LH,1
CURVV,PTML543861108240-I,PTML543861108240-I,GUSSET LH,
CURVV,PTML543861108241-I,PTML543861108241-I,GUSSET RH,1
CURVV,PTML543861108241-I,PTML543861108241-I,GUSSET RH,
CURVV,PTML543861608205-I,PTML543861608205-I,SPACER COCKPIT MTG SIDE LH,1
CURVV,PTML543861608205-I,PTML543861608205-I,SPACER COCKPIT MTG SIDE LH,
CURVV,PTML543861608206-I,PTML543861608206-I,SPACER COCKPIT MTG SIDE RH,1
CURVV,PTML543861608206-I,PTML543861608206-I,SPACER COCKPIT MTG SIDE RH,
CURVV,PTML543863208246-I,PTML543863208246-I,HINGE REINFORCEMENT A-PILLAR TOP LH,1
CURVV,PTML543863208246-I,PTML543863208246-I,HINGE REINFORCEMENT A-PILLAR TOP LH,
CURVV,PTML543863218207-I,PTML543863218207-I,REINFORCEMENT JACKING POINT LH,1
CURVV,PTML543863218207-I,PTML543863218207-I,REINFORCEMENT JACKING POINT LH,
CURVV,PTML543863218208-I,PTML543863218208-I,REINFORCEMENT JACKING POINT RH,1
CURVV,PTML543863218208-I,PTML543863218208-I,REINFORCEMENT JACKING POINT RH,
CURVV,PTML543863218217-I,PTML543863218217-I,REINFORCEMENT GUSSET LH,1
CURVV,PTML543863218217-I,PTML543863218217-I,REINFORCEMENT GUSSET LH,
CURVV,PTML543863218218-I,PTML543863218218-I,REINFORCEMENT GUSSET RH,1
CURVV,PTML543863218218-I,PTML543863218218-I,REINFORCEMENT GUSSET RH,
CURVV,PTML543863218219-I,PTML543863218219-I,REINFORCEMENT GUSSET LH,1
CURVV,PTML543863218219-I,PTML543863218219-I,REINFORCEMENT GUSSET RH,
CURVV,PTML543863218220-I,PTML543863218220-I,REINFORCEMENT GUSSET RH,1
CURVV,PTML543863218220-I,PTML543863218220-I,REINFORCEMENT GUSSET RH,
CURVV,PTML543863218221-I,PTML543863218221-I,HINGE REINFORCEMENT A-PILLAR TOP RH,1
CURVV,PTML543863218221-I,PTML543863218221-I,HINGE REINFORCEMENT A-PILLAR TOP RH,
CURVV,PTML544261108237-I,PTML544261108237-I,BRACKET WHEEL SPEED SENSOR MTG REAR LH,2
CURVV,PTML544261108237-I,PTML544261108237-I,BRACKET WHEEL SPEED SENSOR MTG REAR LH,
CURVV,PTML547161108227-I,PTML547161108227-I,CUP REAR SUSPENSION SPRING MTG,1
CURVV,PTML547161108227-I,PTML547161108227-I,CUP REAR SUSPENSION SPRING MTG,
CURVV,PTML547161108228-I,PTML547161108228-I,CUP REAR SUSPENSION SPRING MTG,1
CURVV,PTML547161108228-I,PTML547161108228-I,CUP REAR SUSPENSION SPRING MTG,
CURVV,PTML547161108229-I,PTML547161108229-I,REINF BKT LONGITUDINAL MEMBER REAR LH,1
CURVV,PTML547161108229-I,PTML547161108229-I,REINF BKT LONGITUDINAL MEMBER REAR LH,
CURVV,PTML547161108230-I,PTML547161108230-I,REINF BK  LONGITUDINAL MEMBER REAR RH,1
CURVV,PTML547161108230-I,PTML547161108230-I,REINF BK  LONGITUDINAL MEMBER REAR RH,
CURVV,PTML547161808213-I,PTML547161808213-I,REINFORCEMENT,1
CURVV,PTML547161808213-I,PTML547161808213-I,REINFORCEMENT,
CURVV,PTML547161808214-I,PTML547161808214-I,PNL RR LONGI INR SWW SUPPORT RH,1
CURVV,PTML547161808214-I,PTML547161808214-I,PNL RR LONGI INR SWW SUPPORT RH,
CURVV,PTML547161808215-I,PTML547161808215-I,REINFORCEMENT FLOOR,1
CURVV,PTML547161808215-I,PTML547161808215-I,REINFORCEMENT FLOOR,
CURVV,PTML547161808238-I,PTML547161808238-I,BRACKET FUEL PIPE MTG,1
CURVV,PTML547161808238-I,PTML547161808238-I,BRACKET FUEL PIPE MTG,
CURVV,PTML547261808202-I,PTML547261808202-I,BRACKET REAR BRAKE HOSE ASSY MTG LH,1
CURVV,PTML547261808202-I,PTML547261808202-I,BRACKET REAR BRAKE HOSE ASSY MTG LH,
CURVV,PTML547261808203-I,PTML547261808203-I,BRACKET REAR BRAKE HOSE ASSY MTG RH,1
CURVV,PTML547261808203-I,PTML547261808203-I,BRACKET REAR BRAKE HOSE ASSY MTG RH,
CURVV,ASSY REINF A PILLER LH,,SPACER COCKPIT MTG SIDE LH,
CURVV,ASSY REINF A PILLER RH,,SPACER COCKPIT MTG SIDE RH,
CURVV,ASSY REINF A PILLER LH,,HINGE REINFORCEMENT A-PILLAR TOP LH,
CURVV,ASSY REINF A PILLER RH,,HINGE REINFORCEMENT A-PILLAR TOP RH,
CURVV,ASSY REINF A PILLER LH,,REINFORCEMENT GUSSET LH,
CURVV,ASSY REINF A PILLER RH,,REINFORCEMENT GUSSET RH,
CURVV,ASSY REINF A PILLER LH,,REINFORCEMENT JACKING POINT LH,
CURVV,ASSY REINF A PILLER RH,,REINFORCEMENT JACKING POINT RH,
CURVV,LONG MBR ASSY WITH CROSS MBR_LH,,BRACKET REAR BRAKE HOSE ASSY MTG LH,
CURVV,LONG MBR ASSY WITH CROSS MBR_RH,,BRACKET REAR BRAKE HOSE ASSY MTG RH,
CURVV,LONG MBR ASSY WITH CROSS MBR_LH,,REINF CONNECTING TUBE BOTTOM LH,
CURVV,LONG MBR ASSY WITH CROSS MBR_RH,,REINF CONNECTING TUBE BOTTOM RH,
CURVV,LONG MBR ASSY WITH CROSS MBR_RH,,BRACKET WHEEL SPEED SENSOR MTG REAR LH,
CURVV,LONG MBR ASSY WITH CROSS MBR_LH,,BRACKET WHEEL SPEED SENSOR MTG REAR LH,
CURVV,LONG MBR ASSY WITH CROSS MBR_LH,,BRACKET FUEL PIPE MTG,
CURVV,LONG MBR ASSY WITH CROSS MBR_LH,,REINFORCEMENT,
CURVV,LONG MBR ASSY WITH CROSS MBR_RH,,PNL RR LONGI INR SWW SUPPORT RH,
CURVV,LONG MBR ASSY WITH CROSS MBR_RH,,REINFORCEMENT FLOOR,
CURVV,LONG MBR ASSY WITH CROSS MBR_LH,,REINFORCEMENT LONGITUDINAL CENTER LH,
CURVV,LONG MBR ASSY WITH CROSS MBR_RH,,REINFORCEMENT LONGITUDINAL CENTER RH,
CURVV,LONG MBR ASSY WITH CROSS MBR_LH,,BRACKET LH,
CURVV,LONG MBR ASSY WITH CROSS MBR_RH,,BRACKET RH,
CURVV,LONG MBR ASSY WITH CROSS MBR_LH,,CUP REAR SUSPENSION SPRING MTG,
CURVV,LONG MBR ASSY WITH CROSS MBR_RH,,CUP REAR SUSPENSION SPRING MTG,
CURVV,LONG MBR ASSY WITH CROSS MBR_LH,,REINF BKT LONGITUDINAL MEMBER REAR LH,
CURVV,LONG MBR ASSY WITH CROSS MBR_RH,,REINF BK  LONGITUDINAL MEMBER REAR RH,
CURVV,LONG MBR ASSY WITH CROSS MBR_LH,,GUSSET LH,
CURVV,LONG MBR ASSY WITH CROSS MBR_RH,,GUSSET RH,
CURVV,LONG MBR ASSY WITH CROSS MBR_LH,,CROSS MBR REAR FLOOR RR LH,
CURVV,LONG MBR ASSY WITH CROSS MBR_RH,,CROSS MBR REAR FLOOR RR RH,
CURVV,LONG MBR ASSY WITH CROSS MBR_LH,,REINFORCEMENT PIVOT MTG BRACKET LH,
CURVV,LONG MBR ASSY WITH CROSS MBR_RH,,REINFORCEMENT PIVOT MTG BRACKET RH,
CURVV,LONG MBR ASSY WITH CROSS MBR_LH,,LONGITUDINAL EXTENSION LH,
CURVV,LONG MBR ASSY WITH CROSS MBR_RH,,LONGITUDINAL EXTENSION RH,
CURVV,LONG MBR ASSY WITH CROSS MBR_LH,,DIAPHARM PIVOT MTG REAR LH,
CURVV,LONG MBR ASSY WITH CROSS MBR_RH,,DIAPHARM PIVOT MTG REAR RH,
CURVV,LONG MBR ASSY WITH CROSS MBR_LH,,REINFORCEMENT BRACKET LH,
CURVV,LONG MBR ASSY WITH CROSS MBR_RH,,REINFORCEMENT BRACKET RH,
CURVV,LONG MBR ASSY WITH CROSS MBR_RH,,WSS BRACKET ON REAR LONGITUDINAL MEMBER,
CURVV,LONG MBR ASSY WITH CROSS MBR_LH,,WSS BRACKET ON REAR LONGITUDINAL MEMBER,
CURVV,LONG MBR ASSY WITH CROSS MBR_RH,,REINF EXHAUST MTG REAR LONGITUDINAL,
CURVV,LONG MBR ASSY WITH CROSS MBR_RH,,REINF EXH MTG LONG MBR RH REAR SIDE,
EV,,1055,2000,
EV,,PMVM2302BS200740-I,CRUSH BOX RR BMPR BM RH OTR,
EV,,PMVM2302BS200750-I,CRUSH BOX RR BMPR BM LH OTR,
EV,,PMVM2302BS200760-I,CRUSH BOX RR BMPR BM RH INR,
EV,,PMVM2302BS200790-I,CRUSH BOX RR BMPR BM LH INR,
H3,PMAM007500013D3,PMAM007500013D3,BONNET REINF FRONT,
H3,PMAM007500020D2,PMAM007500020D2-I,,
H3,PMAM007500396D91,PMAM007500396D91,Side Panel Lug S/A,
H3,PMAM007500492D1,PMAM007500492D1,Side Panel Latch plate,
H3,PMAM007500604D91,PMAM007500604D91,,
H3,PMAM007505469C91,PMAM007505469C91,,
H3,PMAM007505471C91,PMAM007505471C91,,
H3,PMAM007530045D3,PMAM007530045D3,FENDER LAMP GUARD,
H3,PMAM007530150D91,PMAM007530150D91,FENDER LAMP COVER S/A,
H3,PMAM007530151D1,PMAM007530151D1,REAR FENDER REINF FRONT LH,
H3,PMAM007530152D1,PMAM007530152D1,REAR FENDER REINF FRONT RH,
H3,PMAM007530153D1,PMAM007530153D1-I,REAR FENDER REINF REAR,
H3,PMAM007537444C1,PMAM007537444C1,,
H3,PMAM007538041D1,PMAM007538041D1,,
H3,PMAM007538042D1,PMAM007538042D1,,
H3,PMAM007538043D1-V,PMAM007538043D1-V,EXTENSION PIECE SIDE PANEL LH,
H3,PMAM007538044D1-V,PMAM007538044D1-V,EXTENSION PIECE SIDE PANEL RH,
H3,PMAM7500155D1,PMAM7500155D1,PERF GUARD MFG BKT TOP LH,
H3,PMAM7500155D1,PMAM7500155D1-I,PERF GUARD MFG BKT TOP LH,
H3,PMAM7500156D1,PMAM7500156D1,PERF GUARD MTG BKT TOP RH,
H3,PMAM7500156D1,PMAM7500156D1-I,PERF GUARD MTG BKT TOP RH,
H3,PMAM7500157D2,PMAM7500157D2,,
H3,PMAM7500157D2,PMAM7500157D2-I,,
H3,PMAM7505011D3-V,PMAM7505011D3,,
H3,PMAM7505012D3-V,PMAM7505012D3,,
H3,PMAM7505013D3,PMAM7505013D3,,
H3,PMAM7505014D3,PMAM7505014D3,,
H3,PMAM7505051D2-V,PMAM7505051D2,,
H3,PMAM7505074D91,PMAM7505074D91,,
H3,PMAM7505075D91,PMAM7505075D91,,
H3,PMAM7505076D1,PMAM7505076D1,SIDE PANEL CONNECTOR LH,
H3,PMAM7505077D1,PMAM7505077D1,SIDE PANEL CONNECTOR RH,
H3,PMAM7505099D1,PMAM7505099D1,SCUTTLE NUT PLATE,
H3,PMAM7505099D1,PMAM7505099D1,,
H3,PMAM7505126D1,PMAM7505126D1,ASSY FUSE BOX MTG BKT [FIRE WALL],
H3,PMAM7505248D1,PMAM7505248D1,BOTTOM COVER BKT ,
H3,PMAM7505248D1,PMAM7505248D1,,
H3,PMAM7510014D3-V,PMAM7510014D3,,
H3,PMAM7525013D2-V,PMAM7525013D2-V,FENDER LAMP HOUSING,
H3,PMAM007530151D1,PMAM7530151D1-I,,
H3,PMAM007530152D1,PMAM7530152D1-I,,
H3,PMAM7530170D1-V,PMAM7530170D1-I,FENDER LAMP COVER,
H3,PMAM007530150D91,PMAM7530170D1-I,FENDER LAMP COVER,
H3,PMAM7530565D2-V,PMAM7530565D2,,
H3,PMAM7531037D91,PMAM7531037,REINF.PLATE S/A FOR HANDBRAKE MOUNTING,
H3,PMAM7531040D1,PMAM7531040D1,PLATFORM VERTICAL PANEL,
H3,PMAM7537267D1,PMAM7537267D1,REAR FLOOR PANEL,
KUV,PMVM0101BAZ02960-V,PMVM0101BAZ02960-I,REINF SEAT FRONT,
KUV,PMVM0101BAZ1230N-V,PMVM0101BAZ1230N-I,BRACKET FUEL TANK LH,
KUV,PMVM0101BAZ1510N-V,PMVM0101BAZ1510N-V,REINF BUSH REAR RH,
KUV,PMVM0101BAZ1520N-V,PMVM0101BAZ1520N-V,REINF BUSH REAR LH,
KUV,PMVM0101BAZ1640N-I,PMVM0101BAZ1640N-I,NUT PLATE SEAT MTG FRT,
KUV,PMVM0101BAZ3050N-V,PMVM0101BAZ3050N-I,BRKT SPARE WHL MTG LH,
KUV,PMVM0101BAZ3710N-V,PMVM0101BAZ3710N-I,BRACKET SEAT BELT ANCH RR CNG,
KUV,PMVM0101BAZ4430N-V,PMVM0101BAZ4430N-I,BRACKET SPARE WHL RH,
KUV,PMVM0101EAZ0520N-V,PMVM0101EAZ0520N-I,REINF PILLAR D SEAL UPR RH,
KUV,PMVM0101EAZ0520N-V,PMVM0101EAZ0520N-I,,1
KUV,PMVM0101EAZ0530N-V,PMVM0101EAZ0523N-I,REINF PILLAR D SEAL UPR LH,
KUV,PMVM0101EAZ0530N-V,PMVM0101EAZ0523N-I,,1
KUV,PMVM0101EAZ0530N-V,PMVM0101EAZ0530N-I,REINF PILLAR D SEAL UPR LH,
KUV,PMVM0101EAZ11100N-V,PMVM0101EAZ11100N-I,,
KUV,PMVM0101EAZ11100N-V,PMVM0101EAZ11100N-I,,1
KUV,PMVM0101EAZ1150N-V,PMVM0101EAZ1150N-I,NUTPLT REINF TOP WHL HSE INR RH,
KUV,PMVM0101EAZ1160N-V,PMVM0101EAZ1160N-I,NUTPLT REINF TOP WHL HSE INR LH,
KUV,PMVM0101EAZ1160N-V,PMVM0101EAZ1160N-I,,1
KUV,PMVM0101EAZ2970N-V,PMVM0101EAZ2970N-I,REINFORCEMENT CNG INLT WHL HS RR,
KUV,PMVM0101EAZ2970N-V,PMVM0101EAZ2970N-I,,1
KUV,PTML284562200130-V,PTML284562200130PH,ASSY RESERVIOR BOTTLE MOUNTING,
LOADKING,PMIL74320-1T8000-V,PMIL74320-1T8000,BRACKET CAB MOUNTING REAR-   V,
LOADKING,PMIL74320-2T8000-V,PMIL74320-2T8000,BRT CAB MOUNTING RR-   V,
LOADKING,PMIL76432T8001-V,PMIL76432T8001,SILL OUTER RH,
LOADKING,PMIL76433T8001-V,PMIL76433T8001,SILL OUTER LH,
LOADKING,PMIL76532T6000-V,PMIL76532T6000,PILLAR LOCK INNER UPPER RH- V,
LOADKING,PMIL76533T6000-V,PMIL76533T6000,PILLAR LOCK INNER UPPER LH- V,
LOADKING,PMIL79135T6000-V,PMIL79135T6000,RAIL BACK UPPER- V,
LOADKING,PMIL79280T8000-V,PMIL79280T8000,REINFORCEMENT BOLSTER REAR-   V,
LOADKING,PMNA0081595-PO-V,PMNA0081595-PO,"X MBR 3rd,4th WO PAINT OR COATING",
LOADKING,PMNA6101EAJ00030NV,PMNA6101EAJ00030-I,DRIP ROOF SIDE RR RH,
LOADKING,PMNA6101EAJ00030NV,PMNA6101EAJ00030N,DRIP ROOF SIDE RR RH,
LOADKING,PMNA6101EAJ00040NV,PMNA6101EAJ00040-I,DRIP ROOF SIDE RR LH,
LOADKING,PMNA6101EAJ00040NV,PMNA6101EAJ00040N,DRIP ROOF SIDE RR LH,
LOADKING,PMNA93500040-V,PMNA93500040-V,END CROSS MEMBER .-   V,
MPV,PMAM0101AAW01570NI,PMAM0101AAW01570NI,ASSY COVER PLATE I SHAFT,
MPV,PMAM0101DW0078NV,PMAM0101DW0078NV,REINF HINGE ROOF LH,
MPV,PMAM0101EAR03720N,PMAM0101EAR03720N,NUT PLATE ASSY DOOR LOCATOR,
MPV,,PMAM0101EAW01720-I,NUT PLATE GRAB HANDLE      ,
MPV,PMVL0101EAP5790N-V,PMVL0101EAP5790N-V,Reinf Latch Plr B SC RH/LH,
MPV,PMVL0101EAP6170N-V,PMVL0101EAP6170N-V,,
MPV,PMVL0101EAR03160NV,PMVL0101EAR03160NV,ASSY SLEEVE SBA FRT ANCH LWR,
MPV,PMVL0101EAR1120N-V,PMVL0101EAR1120N-V,BRKT ROOF BOW B PILLAR,
MPV,PMVL0101EAR2440N-V,PMVL0101EAR2440N-V,REINF SAFETY BELT REAR  RH,
MPV,PMVL0101EAR2450N-V,PMVL0101EAR2450N-V,REINF SAFETY BELT REAR LH,
MPV,PMVL0101EAR2610N-V,PMVL0101EAR2610N-V,REINF SBA FRONT LWR OTR,
MPV,PMVL0101EAR3060N-V,PMVL0101EAR3060N-V,,4
MPV,PMVL0101EAR3660N-V,PMVL0101EAR3660N-V,GUSSET C-PILLAR INR,
MPV,PMVL0101EAR3880N-V,PMVL0101EAR3880N-V,GUSSET C-PILLAR OUTER,
MPV,PMVL0101ER0230N-V,PMVL0101ER0230N-V,REINF STRIKER FRONT DOOR,
MPV,PMVL0101ER0850N-V,PMVL0101ER0850N-V,REINF DOOR HINGE-B PILLAR-SHT,
MPV,PMVM0101BAR09290-V,PMVM0101BAR09290-I,,
MPV,PMVM0101BAR09310-V,PMVM0101BAR09310-I,,
MPV,PMVL0101EAR1120N-V,PMVM0101EAR1120N-I,BRKT ROOF BOW B PILLAR,
MPV,PMVM0101EAR158100-V,PMVM0101EAR158100-I,,1
MPV,PMVM0101EAR15850-V,PMVM0101EAR15850-I,BRACKET WHL GAURD RR LH,
MPV,PMVM0101EAR15860-V,PMVM0101EAR15860-I,BRACKET WHL GAURD RR RH,
MPV,PMVM0101EAR15860-V,PMVM0101EAR15860-I,,2
MPV,PMVM0101EAR15900-V,PMVM0101EAR15900-I,BRACKET WHEEL GAURD LOWER REAR LH,
MPV,PMVM0101EAR15900-V,PMVM0101EAR15900-I,,3
MPV,PMVL0101EAR2440N-V,PMVM0101EAR2440N-I,REINF SAFETY BELT REAR  RH,
MPV,PMVL0101EAR2450N-V,PMVM0101EAR2450N-I,REINF SAFETY BELT REAR LH,
MPV,PMVL0101EAR2610N-V,PMVM0101EAR2610N-I,REINF SBA FRONT LWR OTR,
MPV,PMVL0101EAR3060N-V,PMVM0101EAR3060N-I,REINF SBA FRT UPR,
MPV,PMVL0101EAR3080N-V,PMVM0101EAR3080N-I,REINF MIDDLE SEAT ANCH OTR (CUP),
MPV,PMVL0101EAR3080N-V,PMVM0101EAR3080N-I,,4
MPV,PMVM0101EAR3100N-I,PMVM0101EAR3100N-I,REINF MIDDLE SEAT ANCH INR,
MPV,PMVL0101EAR03200NV,PMVM0101EAR3100N-I,,2
MPV,PMVL0101EAR03200NV,PMVM0101EAR3120N-I,ASSY SLVE MDLE SEAT ANCHG LH,
MPV,PMVL0101EAR3630N-V,PMVM0101EAR3630N-I,NUT PLATE SBA,
MPV,PMVL0101ER0230N-V,PMVM0101ER0230N-I,REINF STRIKER FRONT DOOR,
MPV,PMVM0101ER0240N-V,PMVM0101ER0240N-V,REINFORCMENT STRIKER NUT PLATE,
MPV,,PMVM0102AU303660-I,REINFORCEMENT HOOD DAMPNER RH,
MPV,,PMVM0103AC100560-I,,
MPV,PTML269988700105,PTML269988700105N,Assy. Cover Plate Hood,
MPV,,PTML284560103305-I,BRACKET FRONT BUMPER MTG,
MPV,,PTML284562608271-I,,
MPV,PMVL0101EAR03160NV,REINF SBA FRT LWR INR,,1
MTBL,PMAM6101BAA0120N-V,PMAM6101BAA0120N-V,CROSS MEMBER FRONT WIDER,
MTBL,PMN6103AAA00090N-V,PMN6103AAA00090N-V,WAIST RAIL OUTER LH,
MTBL,PMN6103AAA00100N-V,PMN6103AAA00100N-V,WAIST RAIL OUTER  RH,
MTBL,PMN6103AAA00130N-V,PMN6103AAA00130NI,REINF LATCH LH,
MTBL,PMN6103AAA00140N-V,PMN6103AAA00140NI,REINF LATCH RH,
MTBL,PMNA1104AAA03100NV,PMNA1104AAA03100N,ASSY STRG COLUMN BOTTOM BRACKET-V,
MTBL,PMNA1104AAA03100NV,PMNA1104AAA03100N,ASSY STRG COLUMN BOTTOM BRACKET-V (AZ0280-I),
MTBL,PMNA6101BAA00180NV,PMNA6101BAA00180N,R/F Ext Storage Hinge Fr RH-BOP,
MTBL,,PMNA6101BAA00300-I,REINF SEAT BELT LOWER ANCHORAGE INNER,
MTBL,PMNA6101BAA00320N,PMNA6101BAA00320NI,BRKT FLOOR SIDE ADDON,
MTBL,PMNA6101BAA00390N,PMNA6101BAA00390NI,REINF CROSS MBR FR LH,
MTBL,PMNA6101BAA00400N,PMNA6101BAA00400NI,REINF CROSS MBR FR RH,
MTBL,PMNA6101BAA00180NV,PMNA6101BAA0060N,R/F Ext Storage Hinge Fr RH-BOP,
MTBL,PMNA6101DAA00210N,PMNA6101DAA00210NI,BKT ROOM LAMP SLPR,
MTBL,PMNA6101DAC00410N,PMNA6101DAC00410NI,,
MTBL,PMNA6101DAC00430N,PMNA6101DAC00430NI,,
MTBL,PMNA6101EAA00260NI,PMNA6101EAA00260NI,REINF STRIKER MTG,
MTBL,PMNA6101EAA00270N,PMNA6101EAA00270N,NUT PLATE STRIKER,
MTBL,PMNA6101EAA00270N,PMNA6101EAA00270N,,1
MTBL,PMNA6101EAA00860N,PMNA6101EAA00270NI,NUT PLATE STRIKER,
MTBL,PMNA6101EAA00280N,PMNA6101EAA00280NI,,
MTBL,PMNA6101EAA00270N,PMNA6101EAA00380N,NUT PLATE STRIKER,
MTBL,,PMNA6101EAA00450NI,REINF EXT STORAGE HINGE MTG.,
MTBL,PMNA6101EAA0450N-V,PMNA6101EAA00450NI  ,REINF EXT STORAGE HINGE MTG.-V,
MTBL,,PMNA6103AAA00170N,GLASS RUN CHANNEL LATCH SIDE LH ( 600N ),
MTBL,,PMNA6103AAA00180N,GLASS RUN CHANNEL LATCH SIDE RH ( 780N ),
MTBL,PMNA6103AAA00310N,PMNA6103AAA00310NI,STUD PLATE HINGE MTG.,
MTBL,PMNA6103BAA00050N,PMNA6103BAA00050NI,REINF EXT STORAGE STRIKER,
MTBL,PMNA6103BAA00220N,PMNA6103BAA00220NI,REINF EXT STORAGE HINGE REAR LH,
MTBL,PMNA6103BAA00220N,PMNA6103BAA00220NI,,1
MTBL,PMNA6103BAA00230N,PMNA6103BAA00230NI,REINF EXT STORAGE HINGE REAR RH,
MTBL,PMNA6103BAA00230N,PMNA6103BAA00230NI,,1
MTBL,,PMNA6119AAA01140-I,BRKT SUPPORT PIVOT MTG LH,
MTBL,,PMNA6119AAA01150-I,BRKT SUPPORT PIVOT MTG RH,
MTBL,PMNA7101DAL00060N,PMNA7101BAL00010-I,REINFORCEMENT,
MTBL,PMTB6101GAA0270N-V,PMTB6101GAA0270N-V,REINF REARWALL LOWER LH - BOP,
MTBL,PMTB6101GAA0280N-V,PMTB6101GAA0280N-V,REINF REARWAL LOWER RH - BOP,
MTBL,,PMVM1104AA2940-I,STEERING COLUMN BOTTOM SUPPORT,
MTBL,PMVM1104AA2940-v,PMVM1104AA2940-I,STEERING COLUMN BOTTOM SUPPORT,
MTBL,,PMVM1104AZ0280-I,BASE PLATE COVER STEERING COLUMN,
MTBL,,PMVM6103AAA00260-I,BRKT GLASS RUN CHANNEL LATCH SIDE LOWER,
MTBL,,PMVM6103AAA00320-I,BRKT GLASS RUN CHANNEL LATCH SIDE UPPER,
MTBL,PMNA6101BAA00180NV,,,2
P112,PMAMSF0226048,PMAMSF0226048,SCREW WELD M10X1.5X30X10.9,4
P112,PMAMSF0309005,PMAMSF0309005,M6 X 1.0 NUT WELD SQUARE,6
P112,PMVM2302AAN01450-V,PMVM2302AAN01450-V,BUMPER WELDING ROD - 1450,1
P112,PMVM2302AAN01460-I,PMVM2302AAN01460-I,BUMPER WELDING ROD - 1460,1
P112,PMVM2302AAN01470-V,PMVM2302AAN01470-V,BUMPER WELDING ROD - 1470,2
P112,PMVM2302AAN01480-V,PMVM2302AAN01480-V,BUMPER WELDING ROD - 1480,2
P112,PMVM2302AAN01490-V,PMVM2302AAN01490-V,BUMPER WELDING ROD - 1490,2
P112,PMVM2302AAN01540-I,PMVM2302AAN01540-I,FACIA BUMPER FRT,1
P112,PMVM2302AAN01610-V,PMVM2302AAN01610-I,BRACKET BUMPER FRT RH-610,
P112,PMVM2302AAN01610-I,PMVM2302AAN01610-I,BRACKET BUMPER FRT RH-610,1
P112,PMVM2302AAN01620-V,PMVM2302AAN01620-I,BRACKET BUMPER FRT RH-620,
P112,PMVM2302AAN01620-I,PMVM2302AAN01620-I,BRACKET BUMPER FRT RH-620,1
P112,PMVM2302AAN01650-V,PMVM2302AAN01650-I,BRACKET BUMPER FRT RH-650,
P112,PMVM2302AAN01650-I,PMVM2302AAN01650-I,BRACKET BUMPER FRT RH-650,1
P112,PMVM2302AAN01660-V,PMVM2302AAN01660-I,BRACKET BUMPER FRT RH-660,
P112,PMVM2302AAN01660-I,PMVM2302AAN01660-I,BRACKET BUMPER FRT RH-660,1
P112,PMVM2302AAN01670-V,PMVM2302AAN01670-I,BRACKET BUMPER FRT RH-670,
P112,PMVM2302AAN01670-I,PMVM2302AAN01670-I,BRACKET BUMPER FRT RH-670,1
P112,PMVM2302AAN01680-V,PMVM2302AAN01680-I,BRACKET BUMPER FRT LH-680,
P112,PMVM2302AAN01680-I,PMVM2302AAN01680-I,BRACKET BUMPER FRT LH-680,1
P112,PMVM2302AAN01690-V,PMVM2302AAN01690-I,BRACKET BUMPER FRT LH-690,
P112,PMVM2302AAN01690-I,PMVM2302AAN01690-I,BRACKET BUMPER FRT LH-690,1
P112,PMVM2302AAN01720-V,PMVM2302AAN01720-I,BRACKET BUMPER FRT LH-720,
P112,PMVM2302AAN01720-I,PMVM2302AAN01720-I,BRACKET BUMPER FRT LH-720,1
P112,PMVM2302AAN01730-V,PMVM2302AAN01730-I,BRACKET BUMPER FRT LH-730,
P112,PMVM2302AAN01730-I,PMVM2302AAN01730-I,BRACKET BUMPER FRT LH-730,1
P112,PMVM2302AAN01740-V,PMVM2302AAN01740-I,BRACKET BUMPER FRT LH-740,
P112,PMVM2302AAN01740-I,PMVM2302AAN01740-I,BRACKET BUMPER FRT LH-740,1
P112,PMVM2302AAN01990-I,PMVM2302AAN01990-I,BUMPER COMPLETE ASSY FRT- P112,
P112,________________________________________,________________________________________,,
P113,0102AAP00650-I,0102AAP00650-I,NUT RETAINER BODY MOUNT ,8
P113,2302AAN01450-I,2302AAN01450-I,BUMPER WELDING ROD 5,1
P113,2302AAN01460-I,2302AAN01460-I,BUMPER WELDING ROD 1,1
P113,2302AAN01470-I,2302AAN01470-I,BUMPER WELDING ROD 2,2
P113,2302AAN01480-I,2302AAN01480-I,BUMPER WELDING ROD 3,2
P113,2302AAN01490-I,2302AAN01490-I,BUMPER WELDING ROD 4,2
P113,2302AAN01540-I,2302AAN01540-I,FACIA BUMPER FRT ,1
P113,2302AAN01610-I,2302AAN01610-I,BRACKET BUMPER FRT RH,1
P113,2302AAN01620-I,2302AAN01620-I,BRACKET BUMPER FRT RH,1
P113,2302AAN01650-I,2302AAN01650-I,BRACKET BUMPER FRT RH,1
P113,2302AAN01660-I,2302AAN01660-I,BRACKET BUMPER FRT RH,1
P113,2302AAN01670-I,2302AAN01670-I,BRACKET BUMPER FRT RH,1
P113,2302AAN01680-I,2302AAN01680-I,BRACKET BUMPER FRT LH,1
P113,2302AAN01690-I,2302AAN01690-I,BRACKET BUMPER FRT LH,1
P113,2302AAN01720-I,2302AAN01720-I,BRACKET BUMPER FRT LH,1
P113,2302AAN01730-I,2302AAN01730-I,BRACKET BUMPER FRT LH,1
P113,2302AAN01740-I,2302AAN01740-I,BRACKET BUMPER FRT LH,1
P113,2302AAN02040-I,2302AAN02040-I,BUMPER WELDING ROD 1,1
P113,2302AAN02050-I,2302AAN02050-I,BUMPER WELDING ROD 2,1
P113,2302AAN02060N-I,2302AAN02060N-I,BUMPER WELDING ROD 3,1
P113,2302AAN02070N-I,2302AAN02070N-I,BUMPER WELDING ROD 4,1
P113,66081,66081,WIRE CLIP ,2
P113,EP1050,EP1050,NUT PLATE M6 ,2
P113,PMAM0101BAF06350-V,PMAM0101BAF06350-I,REINFORCEMENT FIRE EXTG,
P113,PMAM0101BAF06350-I,PMAM0101BAF06350-I,REINFORCEMENT FIRE EXTG,1
P113,PMAM0101BAF06380-V,PMAM0101BAF06380-I,BRACKET PAINT SKID MID,
P113,PMAM0101BAF06380-I,PMAM0101BAF06380-I,BRACKET PAINT SKID MID,2
P113,PMVM0101BAF04870-I,PMVM0101BAF04870-I,PANEL CROSS MEMBER FRT FLOOR RR,1
P113,,PMVM0101BAF04880-I,REINFORCEMENT BODY MOUNT RR RH,
P113,PMVM0101BAF04880-I,PMVM0101BAF04880-I,REINFORCEMENT BODY MOUNT RR RH,
P113,PMVM0101BAF04880-I,PMVM0101BAF04880-I,REINFORCEMENT BODY MOUNT RR RH,1
P113,PMVM0101BAF04890-I,PMVM0101BAF04890-I,REINFORCEMENT CROSS MEMBER REAR,1
P113,,PMVM0101BAF04900-I,BRKT SEAT BELT ANCHORAGE INR,
P113,PMVM0101BAF04900-I,PMVM0101BAF04900-I,BRKT SEAT BELT ANCHORAGE INR,
P113,PMVM0101BAF04900-I,PMVM0101BAF04900-I,BRKT SEAT BELT ANCHORAGE INR,4
P113,PMVM0101BAF04920-I,PMVM0101BAF04920-I,PNL MBR FLOOR FRT OTR RH,
P113,PMVM0101BAF04920-I,PMVM0101BAF04920-I,PNL MBR FLOOR FRT OTR RH,2
P113,,PMVM0101BAF04930-I,BRACKET FRONT SEAT LH,
P113,PMVM0101BAF04930-I,PMVM0101BAF04930-I,BRACKET FRONT SEAT LH,
P113,PMVM0101BAF04930-I,PMVM0101BAF04930-I,BRACKET FRONT SEAT LH,2
P113,PMVM0101BAF04950-I,PMVM0101BAF04950-I,PANEL MBR FLOOR FRT INNER REAR,
P113,PMVM0101BAF04950-I,PMVM0101BAF04950-I,PANEL MBR FLOOR FRT INNER REAR,2
P113,,PMVM0101BAF04960-I,BRACKET FRONT SEAT RR,
P113,PMVM0101BAF04960-I,PMVM0101BAF04960-I,BRACKET FRONT SEAT RR,
P113,PMVM0101BAF04960-I,PMVM0101BAF04960-I,BRACKET FRONT SEAT RR,4
P113,PMVM0101BAF04980-I,PMVM0101BAF04980-I,PANEL CROSS MBR CTR FLR FRT,1
P113,,PMVM0101BAF04990-I,BRACKET FRONT SEAT RH,
P113,PMVM0101BAF04990-I,PMVM0101BAF04990-I,BRACKET FRONT SEAT RH,
P113,PMVM0101BAF04990-I,PMVM0101BAF04990-I,BRACKET FRONT SEAT RH,2
P113,PMVM0101BAF05020-I,PMVM0101BAF05020-I,PANEL TORQUE BOX RH,1
P113,PMVM0101BAF05030-I,PMVM0101BAF05030-I,PANEL TORQUE BOX LH,1
P113,,PMVM0101BAF05040-I,REINFORCEMENT BODY MOUNT FRT RH,
P113,PMVM0101BAF05040-I,PMVM0101BAF05040-I,REINFORCEMENT BODY MOUNT FRT RH,1
P113,,PMVM0101BAF05050-I,REINF BODY MOUNT FRT LH,
P113,PMVM0101BAF05050-I,PMVM0101BAF05050-I,REINF BODY MOUNT FRT LH,1
P113,PMVM0101BAF05060-I,PMVM0101BAF05060-I,PANEL MBR FLOOR FRT INNER RH,2
P113,PMVM0101BAF05090-I,PMVM0101BAF05090-I,PANEL SILL SIDE INNER RH,1
P113,PMVM0101BAF05100-I,PMVM0101BAF05100-I,PANEL SILL SIDE INNER LH,1
P113,PMVM0101BAF05150-I,PMVM0101BAF05150-I,PANEL FLOOR FRONT (panel supplied by M&M),1
P113,,PMVM0101BAF05160-I,BRKT PARKING BRAKE,
P113,PMVM0101BAF05160-I,PMVM0101BAF05160-I,BRKT PARKING BRAKE,
P113,PMVM0101BAF05160-I,PMVM0101BAF05160-I,BRKT PARKING BRAKE,1
P113,,PMVM0101BAF05220-I,REINFORCEMENT SEAT BELT ANCHORAGE,
P113,PMVM0101BAF05220-I,PMVM0101BAF05220-I,REINFORCEMENT SEAT BELT ANCHORAGE,
P113,PMVM0101BAF05220-I,PMVM0101BAF05220-I,REINFORCEMENT SEAT BELT ANCHORAGE,4
P113,,PMVM0101BAF05230-I,BRKT PARKING BRAKE,
P113,PMVM0101BAF05230-I,PMVM0101BAF05230-I,BRACKET CONNECT CROSS MBR REAR RH,
P113,PMVM0101BAF05230-I,PMVM0101BAF05230-I,BRACKET CONNECT CROSS MBR REAR RH,1
P113,,PMVM0101BAF05240-I,BRACKET CONNECT CROSS MBR REAR LH,
P113,PMVM0101BAF05240-I,PMVM0101BAF05240-I,BRACKET CONNECT CROSS MBR REAR LH,
P113,PMVM0101BAF05240-I,PMVM0101BAF05240-I,BRACKET CONNECT CROSS MBR REAR LH,1
P113,,PMVM0101BAF05250-I,REINFORCEMENT FOOT STEP,
P113,PMVM0101BAF05250-I,PMVM0101BAF05250-I,REINFORCEMENT FOOT STEP,
P113,PMVM0101BAF05250-I,PMVM0101BAF05250-I,REINFORCEMENT FOOT STEP,2
P113,,PMVM0101BAF05280-I,REINFORCEMENT PARKING BRAKE REAR,
P113,PMVM0101BAF05280-I,PMVM0101BAF05280-I,REINFORCEMENT PARKING BRAKE REAR,
P113,PMVM0101BAF05280-I,PMVM0101BAF05280-I,REINFORCEMENT PARKING BRAKE REAR,1
P113,,PMVM0101BAF05310-I,NUT PLATE M8 24X60,
P113,PMVM0101BAF05310-I,PMVM0101BAF05310-I,NUT PLATE M8 24X60,
P113,PMVM0101BAF05310-I,PMVM0101BAF05310-I,NUT PLATE M8 24X60,1
P113,,PMVM0101BAF05390-I,BRACKET PAINT SKID REAR,
P113,PMVM0101BAF05390-I,PMVM0101BAF05390-I,BRACKET PAINT SKID REAR,
P113,PMVM0101BAF05390-I,PMVM0101BAF05390-I,BRACKET PAINT SKID REAR,2
P113,,PMVM0101BAF05420-I,BULKHEAD REAR SILL OUTER RH,
P113,PMVM0101BAF05420-I,PMVM0101BAF05420-I,BULKHEAD REAR SILL OUTER RH,
P113,PMVM0101BAF05420-I,PMVM0101BAF05420-I,BULKHEAD REAR SILL OUTER RH,2
P113,,PMVM0101BAF05430-I,BULKHEAD REAR SILL OUTER LH,
P113,PMVM0101BAF05430-I,PMVM0101BAF05430-I,BULKHEAD REAR SILL OUTER LH,
P113,PMVM0101BAF05430-I,PMVM0101BAF05430-I,BULKHEAD REAR SILL OUTER LH,2
P113,,PMVM0101BAF05600-I,REINFORCEMENT BODY MOUNT RR LH,
P113,PMVM0101BAF05600-I,PMVM0101BAF05600-I,REINFORCEMENT BODY MOUNT RR LH,
P113,PMVM0101BAF05600-I,PMVM0101BAF05600-I,REINFORCEMENT BODY MOUNT RR LH,1
P113,,PMVM0101BAF05610-I,REINFORCEMENT BODY MOUNT FRT,
P113,PMVM0101BAF05610-I,PMVM0101BAF05610-I,REINFORCEMENT BODY MOUNT FRT,
P113,PMVM0101BAF05610-I,PMVM0101BAF05610-I,REINFORCEMENT BODY MOUNT FRT,2
P113,,PMVM0101BAF05620-I,PANEL CROSS MEMBER FLOOR LH,
P113,PMVM0101BAF05620-I,PMVM0101BAF05620-I,PANEL CROSS MEMBER FLOOR LH,
P113,PMVM0101BAF05620-I,PMVM0101BAF05620-I,PANEL CROSS MEMBER FLOOR LH,1
P113,,PMVM0101BAF05640-I,BULKHEAD FRONT SILL OUTER RH,
P113,PMVM0101BAF05640-I,PMVM0101BAF05640-I,BULKHEAD FRONT SILL OUTER RH,
P113,PMVM0101BAF05640-I,PMVM0101BAF05640-I,BULKHEAD FRONT SILL OUTER RH,1
P113,,PMVM0101BAF05650-I,BULKHEAD FRONT SILL OUTER LH,
P113,PMVM0101BAF05650-I,PMVM0101BAF05650-I,BULKHEAD FRONT SILL OUTER LH,
P113,PMVM0101BAF05650-I,PMVM0101BAF05650-I,BULKHEAD FRONT SILL OUTER LH,1
P113,,PMVM0101BAF05680-I,BRACKET TOOLBOX REAR,
P113,PMVM0101BAF05680-I,PMVM0101BAF05680-I,BRACKET TOOLBOX REAR,
P113,PMVM0101BAF05680-I,PMVM0101BAF05680-I,BRACKET TOOLBOX REAR,1
P113,,PMVM0101BAF05710-I,REINFORCEMENT TOOLBOX FRONT,
P113,PMVM0101BAF05710-I,PMVM0101BAF05710-I,REINFORCEMENT TOOLBOX FRONT,
P113,PMVM0101BAF05710-I,PMVM0101BAF05710-I,REINFORCEMENT TOOLBOX FRONT,2
P113,,PMVM0101BAF06050-I,REINFORCEMENT BODY MOUNT REAR,
P113,PMVM0101BAF06050-I,PMVM0101BAF06050-I,REINFORCEMENT BODY MOUNT REAR,
P113,PMVM0101BAF06050-I,PMVM0101BAF06050-I,REINFORCEMENT BODY MOUNT REAR,2
P113,,PMVM0101BAF06120-I,REINFORCEMENT BEZEL FRONT,
P113,PMVM0101BAF06120-I,PMVM0101BAF06120-I,REINFORCEMENT BEZEL FRONT,
P113,PMVM0101BAF06120-I,PMVM0101BAF06120-I,REINFORCEMENT BEZEL FRONT,1
P113,,PMVM0101BAF06140-I,REINFORCEMENT BEZEL REAR,
P113,PMVM0101BAF06140-I,PMVM0101BAF06140-I,REINFORCEMENT BEZEL REAR,
P113,PMVM0101BAF06140-I,PMVM0101BAF06140-I,REINFORCEMENT BEZEL REAR,1
P113,PMVM0101BAF06300-V  ,PMVM0101BAF06300-I,PANEL CROSS MEMBER FLOOR RH,
P113,PMVM0101BAF06300-I,PMVM0101BAF06300-I,PANEL CROSS MEMBER FLOOR RH,1
P113,PMVM0101BAF06300-V  ,PMVM0101BAF06300-I  ,PANEL CROSS MEMBER FLOOR RH,
P113,PMVM0101CAF02800-I,PMVM0101CAF02800-I,PANEL COWL OUTER,1
P113,PMVM0101EAF03330-I,PMVM0101EAF03330-I,PANELPILLAR B INNER RH,1
P113,PMVM0101EAF03340-I,PMVM0101EAF03340-I,PANELPILLAR B INNER LH,1
P113,PMVM0101EAF03360-I,PMVM0101EAF03360-I,REINF PILLAR A  INNER RH,1
P113,PMVM0101EAF03370-I,PMVM0101EAF03370-I,REINF PILLAR A  INNER LH,1
P113,PMVM0101EAF03380-I,PMVM0101EAF03380-I,PANEL CANTRAIL RH,1
P113,PMVM0101EAF03390-I,PMVM0101EAF03390-I,PANEL CANTRAIL LH,1
P113,PMVM0101EAF03440-I,PMVM0101EAF03440-I,REINFR HINGE PILLAR A RH,1
P113,PMVM0101EAF03450-I,PMVM0101EAF03450-I,REINFR HINGE PILLAR A LH,1
P113,,PMVM0101EAF03540-I,REINFORCEMENT ANCHRG UPR RH,
P113,PMVM0101EAF03540-I,PMVM0101EAF03540-I,REINFORCEMENT ANCHRG UPR RH,
P113,PMVM0101EAF03540-I,PMVM0101EAF03540-I,REINFORCEMENT ANCHRG UPR RH,1
P113,PMVM0101EAF03550-I,PMVM0101EAF03550-I,REINFORCEMENT ANCHRG UPR LH,1
P113,,PMVM0101EAF03790-I,PANEL CANTRAIL EXTENSION RH,
P113,PMVM0101EAF03790-I,PMVM0101EAF03790-I,PANEL CANTRAIL EXTENSION RH,1
P113,,PMVM0101EAF03800-I,PANEL CANTRAIL EXTENSION LH,
P113,PMVM0101EAF03800-I,PMVM0101EAF03800-I,PANEL CANTRAIL EXTENSION LH,1
P113,,PMVM0101EAF03810-I,BULKHEAD A PILLAR INNER RH,
P113,PMVM0101EAF03810-I,PMVM0101EAF03810-I,BULKHEAD A PILLAR INNER RH,
P113,PMVM0101EAF03810-I,PMVM0101EAF03810-I,BULKHEAD A PILLAR INNER RH,1
P113,,PMVM0101EAF03820-I,BULKHEAD A PILLAR INNER LH,
P113,PMVM0101EAF03820-I,PMVM0101EAF03820-I,BULKHEAD A PILLAR INNER LH,
P113,PMVM0101EAF03820-I,PMVM0101EAF03820-I,BULKHEAD A PILLAR INNER LH,1
P113,,PMVM0101EAF03910-I,BRACKET REINFORCEMENT HINGE RH,
P113,PMVM0101EAF03910-I,PMVM0101EAF03910-I,BRACKET REINFORCEMENT HINGE RH,
P113,PMVM0101EAF03910-I,PMVM0101EAF03910-I,BRACKET REINFORCEMENT HINGE RH,2
P113,,PMVM0101EAF03920-I,BRACKET REINFORCEMENT HINGE LH,
P113,PMVM0101EAF03920-I,PMVM0101EAF03920-I,BRACKET REINFORCEMENT HINGE LH,
P113,PMVM0101EAF03920-I,PMVM0101EAF03920-I,BRACKET REINFORCEMENT HINGE LH,2
P113,,PMVM0101EAF03960-I,PANEL SPEAKER COVER RH,
P113,PMVM0101EAF03960-I,PMVM0101EAF03960-I,PANEL SPEAKER COVER RH,
P113,PMVM0101EAF03960-I,PMVM0101EAF03960-I,PANEL SPEAKER COVER RH,2
P113,,PMVM0101EAF04040-I,REINFORCEMENT ENTRY HANDLE UPR RH,
P113,PMVM0101EAF04040-I,PMVM0101EAF04040-I,REINFORCEMENT ENTRY HANDLE UPR RH,
P113,PMVM0101EAF04040-I,PMVM0101EAF04040-I,,1
P113,,PMVM0101EAF04060-I,REINFORCEMENT ENTRY HANDLE LWR RH,
P113,PMVM0101EAF04060-I,PMVM0101EAF04060-I,REINFORCEMENT ENTRY HANDLE LWR RH,
P113,PMVM0101EAF04060-I,PMVM0101EAF04060-I,,1
P113,,PMVM0101EAF04070-I,REINFORCEMENT ANCHRG LWR PLR B RH,
P113,PMVM0101EAF04070-I,PMVM0101EAF04070-I,REINFORCEMENT ANCHRG LWR PLR B RH,
P113,PMVM0101EAF04070-I,PMVM0101EAF04070-I,REINFORCEMENT ANCHRG LWR PLR B RH,1
P113,PMVM2302AAN00260-I,PMVM2302AAN00260-I,FACIA BUMPER FRT,1
P113,,PMVM2302AAN00460-I,BRACKET BUMPER FRT RH,
P113,PMVM2302AAN00460-I,PMVM2302AAN00460-I,BRACKET BUMPER FRT RH,
P113,PMVM2302AAN00460-I,PMVM2302AAN00460-I,BRACKET BUMPER FRT RH,1
P113,,PMVM2302AAN00480-I,BRACKET BUMPER FRT LOWER LH,
P113,PMVM2302AAN00480-I,PMVM2302AAN00480-I,BRACKET BUMPER FRT LOWER LH,
P113,PMVM2302AAN00480-I,PMVM2302AAN00480-I,BRACKET BUMPER FRT LOWER LH,1
P113,,PMVM2302AAN00500-I,BRACKET BUMPER FRT RH,
P113,PMVM2302AAN00500-I,PMVM2302AAN00500-I,BRACKET BUMPER FRT RH,
P113,PMVM2302AAN00500-I,PMVM2302AAN00500-I,BRACKET BUMPER FRT RH,1
P113,,PMVM2302AAN00520-I,BRACKET BUMPER FRT UPPER LH,
P113,PMVM2302AAN00520-I,PMVM2302AAN00520-I,BRACKET BUMPER FRT UPPER LH,
P113,PMVM2302AAN00520-I,PMVM2302AAN00520-I,BRACKET BUMPER FRT UPPER LH,1
P113,,PMVM2302AAN00610-I,FOG LAMP BEZEL MOUNTING BRACKET BOTTOM FRT RH,
P113,PMVM2302AAN00610-I,PMVM2302AAN00610-I,FOG LAMP BZL MTING BRKT BTM FRT RH,
P113,PMVM2302AAN00610-I,PMVM2302AAN00610-I,FOG LAMP BZL MTING BRKT BTM FRT RH,1
P113,,PMVM2302AAN00620-I,FOG LAMP BEZEL MOUNTING BRACKET BOTTOM FRT LH,
P113,PMVM2302AAN00620-I,PMVM2302AAN00620-I,PANEL TORQUE BOX LH,
P113,PMVM2302AAN00620-I,PMVM2302AAN00620-I,PANEL TORQUE BOX LH,1
P113,,PMVM2302AAN01090-I,FOG LAMP BEZEL MOUNTING BRACKET TOP FRT RH,
P113,PMVM2302AAN01090-I,PMVM2302AAN01090-I,FOG LAMP BEZEL MNT BRKT TP FRT RH,
P113,PMVM2302AAN01090-I,PMVM2302AAN01090-I,FOG LAMP BEZEL MNT BRKT TP FRT RH,1
P113,,PMVM2302AAN01100-I,FOG LAMP BEZEL MOUNTING BRACKET TOP FRT LH,
P113,PMVM2302AAN01100-I,PMVM2302AAN01100-I,FOG LAMP BEZEL MNT BRKT TP FRT LH,
P113,PMVM2302AAN01100-I,PMVM2302AAN01100-I,FOG LAMP BEZEL MNT BRKT TP FRT LH,1
P113,,PMVM2302AAN01280-I,FOG LAMP BZL MTG BRKT INNER RH,
P113,PMVM2302AAN01280-I,PMVM2302AAN01280-I,FOG LAMP BZL MTG BRKT INNER RH,
P113,PMVM2302AAN01280-I,PMVM2302AAN01280-I,FOG LAMP BZL MTG BRKT INNER RH,1
P113,,PMVM2302AAN01290-I,FOG LAMP BZL MTG BRKT INNER LH,
P113,PMVM2302AAN01290-I,PMVM2302AAN01290-I,FOG LAMP BZL MTG BRKT INNER LH,
P113,PMVM2302AAN01290-I,PMVM2302AAN01290-I,FOG LAMP BZL MTG BRKT INNER LH,1
PIAGGIO,PPVP6A002661-I,PPVP6A002082-I,BKT. FOR PRESSURE SWI,
PIAGGIO,PPVP6A002661-I,PPVP6A002638-I,REAR AVM SUP BRACKET,
PIAGGIO,PPVP6A002661-I,PPVP6A002660-I,REINFORCEMENT RR CROSS MEMBER,
PIAGGIO,PPVP6A002661-I,PPVP6A002673-I,CROSS MEMBER REAR,
PIAGGIO,PPVP6A002661-I,PPVP6A002674-I,CROSS MEMBER REAR LH SUPPORT,
PIAGGIO,PPVP6A002661-I,PPVP6A002675-I,CROSS MEMBER REAR RH SUPPORT,
PIAGGIO,PPVP6A002661-I,PPVP6A002676-I,"DOUBLER PLATE,AVM SUPPORT BKT.",
PIAGGIO,PPVP6A002661-I,PPVP6A002686-I,SUPPORTING BKT FOR CATCHER,
T4,PMAM007642334U1-V,PMAM007642334U1-V,Grill Front Side,
T4,PMAM007642393U1-V,PMAM007642393U1-V,,
T4,PMAM008006633C1-V,PMAM008006633C1-I,,
T4,PMAM7637191D1-V,PMAM7637191D1-V,WELDING BRACKET WORK LAMP LH,
T4,PMAM7637192D1-V,PMAM7637192D1-V,BRACKET WORK LAMP BEZEL LH BOTTOM,
T4,PMAM7637193D1-V,PMAM7637193D1-V,WELDING BRACKET WORK LAMP RH,
T4,PMAM7637194D1-V,PMAM7637194D1-V,BRACKET WORK LAMP BEZEL RH BOTTOM,
T4,PMAM7637197D1-V,PMAM7637197D1-V,WELDING FLANGE LH,
T4,PMAM7637198D1-V,PMAM7637198D1-V,WELDING FLANGE RH,
T4,PMAM7637380D1-V,PMAM7637380D1-V,FRONT GRILL CENTER,
T4,PMAM7637397U1-V,PMAM7637397U1-I,FIREWALL PANEL-TIER IV,
T4,PMAM7637587D1-V,PMAM7637587D1-V,HOOD EXTENSION SIDE LH,
T4,PMAM7637588D1-V,PMAM7637588D1-V,HOOD EXTENSION SIDE RH,
T4,PMAM7637589D1-V,PMAM7637589D1-V,HOOD EXTENSION TOP,
T4,PMAM7637590D1-V,PMAM7637590D1-V,HOOD EXTENSION MTG BRKT,
T4,PMAM7637608D1-V,PMAM7637608D1-V,TRANSPORTATION PLATE,
T4,PMAM7637683U1-V,PMAM7637683U1-V,FIREWALL SEALING FOAM MTG BKT,
T4,PMAM7637692U1-V,PMAM7637692U1-V,FIREWALL TOP SEALING FOAM SUPPORT BKT,
T4,PMAM7639429D1-V,PMAM7639429D1-V,FRONT GRILL MTG BKT TOP,
T4,PMAM7639430D1-V,PMAM7639430D1-V,FRONT GRILL MTG BKT BOTTOM,
TML,,EW0500N,,
TML,,PMAM007500018D1,BONNET HINGE REINF LH,
TML,,PMAM007500019D1,BONNET HINGE REINF RH,
TML,,PMAM007500548D1-I,STAY ROD CLIP MTG BKT,
TML,,PMVM0101BW603430-I,,
TML,PMVM0102AU303670-I,PMVM0102AU303670-I,EINFORCEMENT HOOD DAMPNER LH,
TML,PTML265188508207-V,PTML265188508207-I,REINF CHANNEL LH - BOP,
TML,PTML265188508208-V,PTML265188508208-I,END COVER,
TML,PTML265188508216-V,PTML265188508216-I,REINF CHANNEL RH- BOP,
TML,PTML2674881008226-V,PTML2674881008226-V,,16
TML,PTML2674881008227-V,PTML2674881008227-V,,16
TML,PTML2674881008230-V,PTML2674881008230-I,,
TML,PTML2674881008230-V,PTML2674881008230-V,,16
TML,PTML2674881008230-V,PTML2674881008230-V,,
TML,PTML2674881008231-V,PTML2674881008231-I,,
TML,PTML2674881008231-V,PTML2674881008231-V,,16
TML,PTML2674881008231-V,PTML2674881008231-V,,
TML,PTML267488503304-V,PTML267488503304-I,BRAKET REFLEX REFLECTOR MTG-LH,
TML,PTML267488503305-V,PTML267488503305-I,BRAKET REFLEX REFLECTOR MTG-RH,
TML,PTML267488508226-V,PTML267488508226-I,"BRACKET,BUMPER MTG,LOWER-8226",
TML,PTML267488508227-V,PTML267488508227-I,"BRACKET,BUMPER MTG,LOWER-8227",
TML,PTML267488508230-V,PTML267488508230-I,"BRACKET,BUMPER MTG,LOWER-8230",
TML,PTML267488508231-V,PTML267488508231-I,"BRACKET,BUMPER MTG,LOWER-8231",
TML,PTML267488510147-V,PTML267488508256-I,Assy Number Plate mtg bkt,
TML,PTML267488510147-V,PTML267488510147-V,Assy Number Plate mtg bkt,
TML,PTML282974208206,PTML282974208206,,1
TML,PTML284554608214-V,PTML284554608214-I,INTERCONNECTION BRACKET FOR ROOF & DOOR,
TML,PTML284554608214-V,PTML284554608214-I,,2
TML,PTML284560100152-V,PTML284560100152PH,BRACKET ASSY BUMPER MTG FRONT,
TML,PTML284560100154-V,PTML284560100154PH,SUPPORT ASSY BRACKET,
TML,PTML284560100155-V,PTML284560100155PH,BRACKET ASSY FRONT GRILL MTG LH,
TML,PTML284560100156-V,PTML284560100156PH,BRACKET ASSY FRONT GRILL MTG RH,
TML,PTML284560103301-V,PTML284560103301-I,"BRACKET,TOP-LH",
TML,PTML284560103302-V,PTML284560103302-I,"BRACKET,TOP-RH",
TML,PTML284560100155-V,PTML284560103303-I,BRACKET ASSY FRONT GRILL MTG LH,
TML,PTML284560100156-V,PTML284560103304-I,BRACKET ASSY FRONT GRILL MTG RH,
TML,PTML284560100152-V,PTML284560103305-I,BRACKET ASSY BUMPER MTG FRONT,
TML,PTML284560108216-V,PTML284560108216-I,"BRACKET,RADIATOR MTG",
TML,PTML284560100154-V,PTML284560108227-I,SUPPORT ASSY BRACKET,
TML,PTML284562200130-V,PTML284562200130-V,,1
TML,PTML284562200130-V,PTML284562200130PH,ASSY RESERVIOR BOTTLE MOUNTING,
TML,PTML284562200141-V,PTML284562200141PH,BRACKET ASSY HORN MTG,
TML,PTML284562200142-V,PTML284562200142PH,BRACKET ASSY AIR INTAKE DUCT MTG,
TML,PTML284562200143-V,PTML284562200143PH,BRACKET ASSY AIR FILTER MTG,
TML,PTML284562203301-I,PTML284562203301-I,BRACKET AIR FILTER MTG,
TML,PTML284562200143-V,PTML284562203301-I,BRACKET ASSY AIR FILTER MTG,
TML,PTML284562200142-V,PTML284562203303-I,BRACKET ASSY AIR INTAKE DUCT MTG,
TML,PTML284562208205-V,PTML284562208205-I,BRACKET DASHBORD MOUNTING,
TML,PTML284562208241-V,PTML284562208241-I,,2
TML,PTML284562208241-V,PTML284562208241-I,REINF RESERVOIR BOTTLE MOUNTING,
TML,PTML284562208251-V,PTML284562208251-I,,1
TML,PTML284562208251-V,PTML284562208251-I,BRACKET - 8251,
TML,PTML284562200141-V,PTML284562218213-V,BRACKET ASSY HORN MTG,
TML,PTML284562600178-V,PTML284562600178PH,BRACKET ASSY FENDER MTG UPPER-LH,
TML,PTML284562600179-V,PTML284562600179PH,BRACKET ASSY FENDER MT UPPER-RH,
TML,PTML284562600180-V,PTML284562600180PH,BRACKET ASSY FENDER MTG LH,
TML,PTML284562600181-V,PTML284562600181PH,BRACKET ASSY FENDER MTG RH,
TML,PTML284562608239-V,PTML284562608239-I,REINF SIDE BONNET INNER LH.,
TML,PTML284562608239-V,PTML284562608239-I,,1
TML,PTML284562608240-V,PTML284562608240-I,REINF SIDE BONNET INNER RH.,
TML,PTML284562608240-V,PTML284562608240-I,,1
TML,PTML284562600177-V,PTML284562608268-I,BRACKET ASSY GRILL MTG,
TML,,PTML284562608269-I,BRACKET ASSY FENDER MTG UPPER-LH,
TML,PTML284562600178-V,PTML284562608269-I,BRACKET ASSY FENDER MTG UPPER-LH,
TML,,PTML284562608270-I,BRACKET ASSY FENDER MT UPPER-RH,
TML,PTML284562600179-V,PTML284562608270-I,BRACKET ASSY FENDER MT UPPER-RH,
TML,PTML284562600180-V,PTML284562608271-I,BRACKET ASSY FENDER MTG LH,
TML,PTML284562600181-V,PTML284562608272-I,BRACKET ASSY FENDER MTG RH,
TML,PTML284562608281-V,PTML284562608281-I,"BRACKET,FENDER MTG",
TML,PTML284562608282-V,PTML284562608282-I,"BRACKET,FENDER MTG",
TML,PTML284562608283-V,PTML284562608283-I,"BRACKET,FENDER MTG",
TML,PTML284562608284-V,PTML284562608284-I,"BRACKET,FENDER MTG",
TML,,PTML284565103330-I,Bracket 3330,
TML,,PTML284565103336-I,Bracket  3336,
TML,,PTML284565103342-I,Bracket AC unit MTG  LH 3342,
TML,,PTML284565103344-I,RACKET 3344,
TML,,PTML284565108285-I,,
TML,PTML284565108285-I,PTML284565108285-I,ROOF BOW MEMBER,
TML,,PTML284565108292-I,BRACKET AC UNIT MTG LH,
TML,,PTML284565708236-I,,
TML,PTML284565708236-I,PTML284565708236-I,ROOF CONDENSER MTG BKT,
TML,PTML284588100107-V,PTML284588100107PH,BRACKET ASSY BUMPER ADD ON SUPPORT LH,
TML,PTML284588100108-V,PTML284588100108PH,BRACKET ASSY BUMPER ADD ON SUPPORT RH,
TML,PTML284588108206-V,PTML284588108206-I,,1
TML,PTML284588108206-V,PTML284588108206-I,"REINFORCEMENT,SIDE BONNET,LH",
TML,PTML284588108207-V,PTML284588108207-I,,1
TML,PTML284588108207-V,PTML284588108207-I,"REINFORCEMENT,SIDE BONNET,RH",
TML,PTML284588100107-V,PTML284588108210-I,BRACKET ASSY BUMPER ADD ON SUPPORT LH,
TML,PTML284588100108-V,PTML284588108211-I,BRACKET ASSY BUMPER ADD ON SUPPORT RH,
TML,PTML284588460106-V,PTML284588460106-I,"BRACKET ASSY,FRONT BUMPER BOTTOM MTG",
TML,PTML284588700165-V,PTML284588700165-V,,
TML,PTML284588700165-V,PTML284588700165PH,REINF ASSY HINGE LH,
TML,PTML284588700166-V,PTML284588700166-V,,
TML,PTML284588700166-V,PTML284588700166PH,REINF ASSY HINGE RH,
TML,PTML284588700172-V,PTML284588700172PH,NUT PLATE ASSY,
TML,PTML284588700183-V,PTML284588700183PH,NUT PLATE ASSY,
TML,PTML284588708236-I,PTML284588708236-I,STRIKER REINFORCEMENT LATCH,
TML,,PTML284588708247-I,,
TML,PTML284588700165-V,PTML284588708247-I,REINF ASSY HINGE LH,
TML,,PTML284588708248-I,,
TML,PTML284588700166-V,PTML284588708248-I,REINF ASSY HINGE RH,
TML,PTML284588708260-V,PTML284588708260-I,,1
TML,PTML284588708260-V,PTML284588708260-I,"BRACKET,BUMPER ADD ON SIDE,LH",
TML,PTML284588708261-V,PTML284588708261-I,,1
TML,PTML284588708261-V,PTML284588708261-I,"BRACKET,BUMPER ADD ON SIDE,RH",
TML,,PTML284588708263-I,NUT PLATE ASSY,
TML,PTML284588700172-V,PTML284588708263-I,NUT PLATE ASSY,
TML,,PTML284588708265-I,NUT PLATE ASSY,
TML,PTML284588700183-V,PTML284588708265-I,NUT PLATE ASSY,
TML,PTML284588708271-V,PTML284588708271-I,"BRACKET,FENDER,LOWER-LH",
TML,PTML284588708272-V,PTML284588708272-I,"BRACKET,FENDER,LOWER-RH",
TML,PTML287147109905-V,PTML287147109905-V,,2
TML,PTML551747104201-V,PTML551747104201-V,,4
TML,PTML551747108233,PTML551747108233,,6
TML,PTML551747108258,PTML551747108258,,4
TML,PTML551747108261,PTML551747108261,,2
TML,PTML551763603347,PTML551763603347,,1
TML,PTML551763603348,PTML551763603348,,1
TML,PTML551773208209,PTML551773208209,,2
TML,,eaw03370,,
TML,PTML284562600177-V,,,1
TML,PTML284588708271-V,,,1
TML,PTML284588708272-V,,,1
TML,PTML269988700106,,,1
TML,PTML269988700107,,,1
TML,PTML284562200141-V,,,1
TUV,PMVM0102AU303660-I,PMVM0102AU303660-I,,1
TUV,PMVM0102AU303670-I,PMVM0102AU303670-I,,1
U202,PMAM0102AU301150-V,PMAM0102AU301150-V,BRKT WASHER BOTTLE FRONT,
U202,PMAM102AU301170N-V,PMAM102AU301170N-I,BRKT SIDE ENGINE PANEL LH,
U202,PMVL0101BAP2250N-V,PMVL0101BAP2250N-V,"Skid mtg brkt - DC,KC",
U202,PMVL0101BAP2470N-V,PMVL0101BAP2470N-V,Bkt Foot Step Mtg centre Flr,
U202,PMVL0101BAP2480N-V,PMVL0101BAP2480N-V,Plate foot step mtg ctr flr,
U202,PMVL0101BAP2650N-V,PMVL0101BAP2650N-V,,
U202,PMVL0101BAP2880N-V,PMVL0101BAP2880N-V,Reinf cs mbr frt flr rr DC,
U202,PMVL0101BAP2950N-V,PMVL0101BAP2950N,2nd row seat outer mtg RH,
U202,PMVL0101BAP2960N-V,PMVL0101BAP2960N,2nd row seat outer mtg LH,
U301,PMAM102AU301170N-V,PMAM102AU301170N-I,BRKT SIDE ENGINE PANEL LH,
U301,PMAM0102AU301150-V,PMVM0102AU301150-I,BRKT WASHER BOTTLE FRONT,
U301,,PMVM0102AU303660-I,REINFORCEMENT HOOD DAMPNER RH,
U301,PMVM0102AU303670-I,PMVM0102AU303670-I,EINFORCEMENT HOOD DAMPNER LH,
W601,,PMAM0101BP1860N,STYLE 2M8,2
W601,PMAM0101BW605780-I,PMAM0101BW605780-I,BRACKET SUBWOOFER MOUNTING FRT,1
W601,PMAM0101BW605790-I,PMAM0101BW605790-I,BRKT HVAC DUCT LH,1
W601,PMAM0101BW605800-I,PMAM0101BW605800-I,BRACKET SUBWOOFER MOUNTING RR,1
W601,PMAM0101BW605810-I,PMAM0101BW605810-I,BRKT SUPPORT RQT MTG,1
W601,,PMAM0102FG0010N,PROJ. WELD BOLT M6 x 16L,2
W601,,PMAM0108ZAW00120N,M6 X 15 METRIC TUCKER(0108ZAW00120N),4
W601,,PMAM120069099,Special Weld Nut 7/16 -20 UNF,2
W601,,PMAMSF0226014,M6x20x1.00x8.8 DOG POINT BOLT,1
W601,,PMAMSF0226022,SCREW WELD M6X1X25X8.8 (Elliptical Head),1
W601,,PMAMSF0226048,SCREW WELD M10X1.5X30X10.9,1
W601,,PMAMSF0316004,NUT RND WELD M12X1.5X13.3X8,3
W601,PMVM0101BAW04020-V,PMVM0101BAW04020-I,BRAKE HOSE MTG BRKT,
W601,,PMVM0101BAW04020-I,BRAKE HOSE MTG BRKT,
W601,PMVM0101BAW04020-I,PMVM0101BAW04020-I,RAKE HOSE MTG BRKT,
W601,0101BAW04020N,PMVM0101BAW04020-I,RAKE HOSE MTG BRKT,1
W601,0101BAW04020N,PMVM0101BAW04020-I,BRAKE HOSE MTG BRKT,1
W601,,PMVM0101BAW04020-I,BRAKE HOSE MTG BRKT,1
W601,0101BW600460N,PMVM0101BW600460-I,CROSS MBR RR FLR FRT BTM,1
W601,,PMVM0101BW600460-V,CROSS MBR RR FLR FRT BTM,1
W601,0101BW600470N,PMVM0101BW600470-I,CROSS MBR RR FLR MID BTM,1
W601,0101BW600670N,PMVM0101BW600670-I,PANEL LONG MBR RR FLOOR FRONT,1
W601,0101BW600920N,PMVM0101BW600920-I,CROSS MBR FRONT ROW SEAT FRT RH,1
W601,0101BW600930N,PMVM0101BW600930-I,CROSS MBR FRONT ROW SEAT FRT LH,1
W601,,PMVM0101BW601110-I,UREA TANK MOUNTING BRKT FRONT,
W601,PMVM0101BW601110-I,PMVM0101BW601110-I,UREA TANK MOUNTING BRKT FRONT,
W601,0101BW601110N,PMVM0101BW601110-I,UREA TANK MOUNTING BRKT FRONT,1
W601,PMVM0101BW601110-I,PMVM0101BW601110-I,UREA TANK MOUNTING BRKT FRONT,1
W601,0101BW601210N,PMVM0101BW601210-I,BRACKET FRT ROW SEAT FRT,2
W601,,PMVM0101BW601550-I,REINFORCEMENT FRT ROW SEAT FRT,
W601,PMVM0101BW601550-I,PMVM0101BW601550-I,REINFORCEMENT FRT ROW SEAT FRT,
W601,0101BW601550N,PMVM0101BW601550-I,REINFORCEMENT FRT ROW SEAT FRT,1
W601,,PMVM0101BW601950-I,BRACKET 2ND ROW 60 SEAT INR,
W601,PMVM0101BW601950-I,PMVM0101BW601950-I,BRACKET 2ND ROW 60 SEAT INR,
W601,0101BW601950N,PMVM0101BW601950-I,BRACKET 2ND ROW 60 SEAT INR,1
W601,,PMVM0101BW601950-I,BRACKET 2ND ROW 60 SEAT INR,1
W601,,PMVM0101BW601960-I,BRACKET 2ND ROW 40 SEAT INR,
W601,PMVM0101BW601960-I,PMVM0101BW601960-I,BRACKET 2ND ROW 40 SEAT INR,
W601,0101BW601960N,PMVM0101BW601960-I,BRACKET 2ND ROW 40 SEAT INR,1
W601,,PMVM0101BW601970-I,REINFORCEMENT 2ND ROW 60 SEAT INR,
W601,PMVM0101BW601970-I,PMVM0101BW601970-I,REINFORCEMENT 2ND ROW 60 SEAT INR,
W601,0101BW601970N,PMVM0101BW601970-I,REINFORCEMENT 2ND ROW 60 SEAT INR,1
W601,,PMVM0101BW601970-I,REINFORCEMENT 2ND ROW 60 SEAT INR,1
W601,,PMVM0101BW601980-I,BRACKET 2ND ROW 40 SEAT LATCH INR,
W601,PMVM0101BW601980-I,PMVM0101BW601980-I,BRACKET 2ND ROW 40 SEAT LATCH INR,
W601,0101BW601980N,PMVM0101BW601980-I,BRACKET 2ND ROW 40 SEAT LATCH INR,1
W601,0101BW601990N,PMVM0101BW601990-V,ROD STRIKER 2ND ROW 40 SEAT LATCH,1
W601,,PMVM0101BW602620-I,REINFORCEMENT FRT ROW SEAT OTR,
W601,PMVM0101BW602620-I,PMVM0101BW602620-I,REINFORCEMENT FRT ROW SEAT OTR,
W601,0101BW602620N,PMVM0101BW602620-I,REINFORCEMENT FRT ROW SEAT OTR,1
W601,,PMVM0101BW602730-I,REINFORCEMENT FUEL TANK RR,
W601,PMVM0101BW602730-I,PMVM0101BW602730-I,REINFORCEMENT FUEL TANK RR,
W601,0101BW602730N,PMVM0101BW602730-I,REINFORCEMENT FUEL TANK RR,1
W601,,PMVM0101BW602730-I,REINFORCEMENT FUEL TANK RR,1
W601,,PMVM0101BW603110-I,REINFORCEMENT WHEEL HOUSE RH,
W601,PMVM0101BW603110-I,PMVM0101BW603110-I,REINFORCEMENT WHEEL HOUSE RH,
W601,0101BW603110N,PMVM0101BW603110-I,REINFORCEMENT WHEEL HOUSE RH,1
W601,,PMVM0101BW603110-I,REINFORCEMENT WHEEL HOUSE RH,1
W601,,PMVM0101BW603120-I,REINFORCEMENT WHEEL HOUSE LH,
W601,PMVM0101BW603120-I,PMVM0101BW603120-I,REINFORCEMENT WHEEL HOUSE LH,
W601,0101BW603120N,PMVM0101BW603120-I,REINFORCEMENT WHEEL HOUSE LH,1
W601,,PMVM0101BW603130-I,EXTN CROSS MEMBER SEAT FRT ROW,
W601,PMVM0101BW603130-I,PMVM0101BW603130-I,EXTN CROSS MEMBER SEAT FRT ROW,
W601,0101BW603130N,PMVM0101BW603130-I,EXTN CROSS MEMBER SEAT FRT ROW,1
W601,PMVM0101BW603430-I,PMVM0101BW603430-I,REINFORCEMENT 2ND ROW 40 SEAT INR-W602,
W601,,PMVM0101BW603430-I,REINFORCEMENT 2ND ROW 40 SEAT INR-W602,2
W601,PMVM0101BW603450-I,PMVM0101BW603450-I,BRACKET 2ND ROW 40 SEAT INR- W602,
W601,,PMVM0101BW603450-I,BRACKET 2ND ROW 40 SEAT INR- W602,2
W601,,PMVM0101BW603580-I,BRACKET SPARE TYRE FRT MID,
W601,PMVM0101BW603580-I,PMVM0101BW603580-I,BRACKET SPARE TYRE FRT MID,
W601,0101BW603580N,PMVM0101BW603580-I,BRACKET SPARE TYRE FRT MID,1
W601,0101DW600130N,PMVM0101DW600130-I,PANEL HEADER FRONT INNER,1
W601,,PMVM0101DW600210-I,BRACKET ROOF CONSOLE,
W601,PMVM0101DW600210-I,PMVM0101DW600210-I,BRACKET ROOF CONSOLE,
W601,0101DW600210N,PMVM0101DW600210-I,BRACKET ROOF CONSOLE,1
W601,0101EW600110N,PMVM0101EW600110-I,PANEL WHEEL HOUSE INNER RR RH,1
W601,,PMVM0101EW600110-I,PANEL WHEEL HOUSE INNER RR RH,1
W601,0101EW600120N,PMVM0101EW600120-I,PANEL WHEEL HOUSE INNER RR LH,1
W601,0101EW600400N,PMVM0101EW600400-V,SLEEVE REAR SUSP,2
W601,,PMVM0101EW600400-V,SLEEVE REAR SUSP,2
W601,,PMVM0101EW600420-I,REINFORCEMENT SHK ABS RR RH,
W601,0101EW600420N,PMVM0101EW600420-I,REINFORCEMENT SHK ABS RR RH,1
W601,,PMVM0101EW600420-I,REINFORCEMENT SHK ABS RR RH,1
W601,,PMVM0101EW600430-I,REINFORCEMENT SHK ABS RR LH,
W601,0101EW600430N,PMVM0101EW600430-I,REINFORCEMENT SHK ABS RR LH,1
W601,0101EW600540N,PMVM0101EW600540-I,REINFORCEMENT SILL OUTER RH,1
W601,,PMVM0101EW600590-I,PANEL SILL CAP FRONT RH,
W601,0101EW600590N,PMVM0101EW600590-I,PANEL SILL CAP FRONT RH,1
W601,,PMVM0101EW600600-I,PANEL SILL CAP FRONT LH,
W601,0101EW600600N,PMVM0101EW600600-I,PANEL SILL CAP FRONT LH,1
W601,0101EW600690N,PMVM0101EW600690-I,REINFORCEMENT SILL OUTER LH,1
W601,,PMVM0101EW600910-I,WHEEL HOUSE EXT REAR LH,
W601,PMVM0101EW600910-I,PMVM0101EW600910-I,WHEEL HOUSE EXT REAR LH,
W601,0101EW600910N,PMVM0101EW600910-I,WHEEL HOUSE EXT REAR LH,1
W601,PMVM0101EW600910-I,PMVM0101EW600910-I,WHEEL HOUSE EXT REAR LH,1
W601,,PMVM0101EW601830-I,REINF EXTN WHEEL HOUSE RR INR LH,
W601,PMVM0101EW601830-I,PMVM0101EW601830-I,REINF EXTN WHEEL HOUSE RR INR RH,
W601,0101EW601830N,PMVM0101EW601830-I,REINF EXTN WHEEL HOUSE RR INR RH,1
W601,,PMVM0101EW601830-I,REINF EXTN WHEEL HOUSE RR INR RH,1
W601,,PMVM0101EW601840-I,REINF EXTN WHEEL HOUSE RR INR LH,
W601,PMVM0101EW601840-I,PMVM0101EW601840-I,REINF EXTN WHEEL HOUSE RR INR LH,
W601,0101EW601840N,PMVM0101EW601840-I,REINF EXTN WHEEL HOUSE RR INR LH,1
W601,PMVM0101EW601840-I,PMVM0101EW601840-I,REINF EXTN WHEEL HOUSE RR INR LH,1
W601,,PMVM0101EW601940-I,BRACKET HVAC MOUNTING,
W601,PMVM0101EW601940-I,PMVM0101EW601940-I,BRACKET HVAC MOUNTING,
W601,0101EW601940N,PMVM0101EW601940-I,BRACKET HVAC MOUNTING,1
W601,0101EW602210N,PMVM0101EW602210-I,REINFORCEMENT SUSP RR FRONT RH,1
W601,,PMVM0101EW602210-I,REINFORCEMENT SUSP RR FRONT RH,1
W601,0101EW602220N,PMVM0101EW602220-I,REINFORCEMENT SUSP RR FRONT LH,1
W601,0101EW602230N,PMVM0101EW602230-I,REINFORCEMENT SUSP  RR LH,1
W601,0101EW602240N,PMVM0101EW602240-I,REINFORCEMENT SUSP RR RR RH,1
W601,,PMVM0101EW602240-I,REINFORCEMENT SUSP RR RR RH,1
W601,,PMVM0101EW602310-I,BRACKET RQT WHL HSE RH,
W601,PMVM0101EW602310-I,PMVM0101EW602310-I,BRACKET RQT WHL HSE RH,
W601,0101EW602310N,PMVM0101EW602310-I,BRACKET RQT WHL HSE RH,1
W601,,PMVM0101EW602310-I,BRACKET RQT WHL HSE RH,1
W601,,PMVM0101EW602320-I,BRACKET RQT WHL HSE LH,
W601,PMVM0101EW602320-I,PMVM0101EW602320-I,BRACKET RQT WHL HSE LH,
W601,0101EW602320N,PMVM0101EW602320-I,BRACKET RQT WHL HSE LH,1
W601,0101EW602330N,PMVM0101EW602330-I,REINFORCEMENT SHK ABSR RR FRT RH ,1
W601,,PMVM0101EW602330-I,REINFORCEMENT SHK ABSR RR FRT RH,1
W601,0101EW602340N,PMVM0101EW602340-I,REINFORCEMENT SHK ABS RR FRT  LH,1
W601,,PMVM0101EW602350-I,BRACKET FUEL LINE WHL HSE INR LH,
W601,PMVM0101EW602350-I,PMVM0101EW602350-I,BRACKET FUEL LINE WHL HSE INR LH,
W601,0101EW602350N,PMVM0101EW602350-I,BRACKET FUEL LINE WHL HSE INR LH,1
W601,PMVM0101EW602350-I,PMVM0101EW602350-I,BRACKET FUEL LINE WHL HSE INR LH,1
W601,PMVM0103AC100560-I,PMVM0103AC100560-I,BRACKET DOOR INNER HANDLE,
W601,,PMVM0103AC100560-I,,2
W601,0106AW500301,PMVM0106AW500301-V,2X10X25 NVH STRIP,2
W601,,PMVM2302AW600170-I,CRUSH BOX FRT BMPR BM RH INR,
W601,PMVM2302AW600170-I,PMVM2302AW600170-I,CRUSH BOX FRT BMPR BM RH INR,
W601,2302AW600170N,PMVM2302AW600170-I,CRUSH BOX FRT BMPR BM RH INR,2
W601,,PMVM2302AW600190-I,BRACKET 2ND ROW 40 SEAT LATCH INR,
W601,PMVM2302AW600190-I,PMVM2302AW600190-I,PLATE BMPR BM CRUSH BOX LH,
W601,2302AW600190N,PMVM2302AW600190-I,PLATE BMPR BM CRUSH BOX LH,1
W601,,PMVM2302AW600210-I,PLATE BMPR BM CRUSH BOX RH,
W601,PMVM2302AW600210-I,PMVM2302AW600210-I,PLATE BMPR BM CRUSH BOX RH,
W601,2302AW600210N,PMVM2302AW600210-I,PLATE BMPR BM CRUSH BOX RH,1
W601,,PMVM2302AW600250-I,BEAM REINFORCEMENT REAR,
W601,PMVM2302AW600250-I,PMVM2302AW600250-I,BEAM REINFORCEMENT REAR,
W601,2302AW600250N,PMVM2302AW600250-I,BEAM REINFORCEMENT REAR,1
W601,,PMVM2302AW600260-I,TOW HOOK BRACKET LH,
W601,PMVM2302AW600260-I,PMVM2302AW600260-I,TOW HOOK BRACKET LH,
W601,2302AW600260N,PMVM2302AW600260-I,TOW HOOK BRACKET LH,1
W601,2302AW600320N,PMVM2302AW600320-V,SHAFT TOWING FRT BMPR BM,1
W601,,PMVM2302AW600620-I,CRUSH BOX FRT BMPR BM RH OTR,
W601,PMVM2302AW600620-I,PMVM2302AW600620-I,CRUSH BOX FRT BMPR BM LH OTR,
W601,2302AW600620N,PMVM2302AW600620-I,CRUSH BOX FRT BMPR BM RH OTR,2
W601,2302AW600630N,PMVM2302AW600630-I,BEAM BUMPER FRT,1
W601,,PMVM2302AW600640-I,CROSS BEAM SUPPORT FRT,
W601,2302AW600640N,PMVM2302AW600640-I,CROSS BEAM SUPPORT FRT,1
W601,,PMVM2302BW600160-I,BEAM BUMPER ASSY REAR,
W601,2302BW600160N,PMVM2302BW600160-I,BEAM BUMPER  REAR,1
W601,,PMVM2302BW600180-I,CRUSH BOX RR BMPR BM RH OTR,
W601,PMVM2302BW600180-I,PMVM2302BW600180-I,CRUSH BOX RR BMPR BM RH OTR,
W601,2302BW600180N,PMVM2302BW600180-I,CRUSH BOX RR BMPR BM RH OTR,1
W601,,PMVM2302BW600190-I,CRUSH BOX RR BMPR BM RH INR,
W601,PMVM2302BW600190-I,PMVM2302BW600190-I,CRUSH BOX RR BMPR BM RH INR,
W601,2302BW600190N,PMVM2302BW600190-I,CRUSH BOX RR BMPR BM RH INR,1
W601,,PMVM2302BW600200-I,PLATE BMPR BM CRUSH BOX,
W601,PMVM2302BW600200-I,PMVM2302BW600200-I,PLATE BMPR BM CRUSH BOX,
W601,2302BW600200N,PMVM2302BW600200-I,PLATE BMPR BM CRUSH BOX,2
W601,,PMVM2302BW600210-I,CRUSH BOX RR BMPR BM LH INR,
W601,PMVM2302BW600210-I,PMVM2302BW600210-I,CRUSH BOX RR BMPR BM LH INR,
W601,2302BW600210N,PMVM2302BW600210-I,CRUSH BOX RR BMPR BM LH INR,1
W601,,PMVM2302BW600220-I,CRUSH BOX RR BMPR BM LH OTR,
W601,PMVM2302BW600220-I,PMVM2302BW600220-I,CRUSH BOX RR BMPR BM LH OTR,
W601,2302BW600220N,PMVM2302BW600220-I,CRUSH BOX RR BMPR BM LH OTR,1
W616,,PMAM0101BW605780-I,BRACKET SUBWOOFER MOUNTING FRT,
W616,PMAM0101BW605780-I,PMAM0101BW605780-I,BRACKET SUBWOOFER MOUNTING FRT,
W616,,PMAM0101BW605790-I,BRKT HVAC DUCT LH,
W616,PMAM0101BW605790-I,PMAM0101BW605790-I,BRKT HVAC DUCT LH,
W616,,PMAM0101BW605800-I,BRACKET SUBWOOFER MOUNTING RR,
W616,PMAM0101BW605800-I,PMAM0101BW605800-I,BRACKET SUBWOOFER MOUNTING RR,
W616,,PMAM0101BW605810-I,BRKT SUPPORT RQT MTG,
W616,PMAM0101BW605810-I,PMAM0101BW605810-I,BRKT SUPPORT RQT MTG,
XUV,PMAM0101BAW08590N,PMAM0101BAW08590N,GEAR SHIFT MTG BKT FRT FLR,
XUV,PMAM0101BAW08590N,PMAM0101BAW08590N,,2
XUV,PMAM0101BW0360N,PMAM0101BW0360N,SCUFF PLATE MTG BRKT RH,
XUV,PMAM0101DW0070NV,PMAM0101DW0070N-I,REINF HINGE ROOF RH,
XUV,PMAM0101DW0080NV,PMAM0101DW0080N-I,REINF HINGE ROOF LH,
XUV,PMAM0101EAW01740NV,PMAM0101EAW01720-I,ASSY NUT PLATE GRAB HANDLE RH,
XUV,PMAM0101EAW01740NV,PMAM0101EAW01740NI,ASSY NUT PLATE GRAB HANDLE RH,
XUV,PMAM0101EAW01920NV,PMAM0101EAW01920NI,ASSY NUT PLATE THRUST PAD,
XUV,PMAM0101EAW02750NV,PMAM0101EAW02750NI,ASSY NUT PLT AIR BAG CLIP MTG R,
XUV,PMAM0101EAW03070NV,PMAM0101EAW03070NI,ASSY FENDER MTG BRKT PLR 'A' RH,
XUV,PMAM0101EAW03260NV,PMAM0101EAW03260NI,ASSY NUT PLATE FENDER MTG RH,
XUV,PMAM0101EAW03300N,PMAM0101EAW03300N,BULK HEAD PILLAR A RH,
XUV,PMAM0101EAW03310N,PMAM0101EAW03310N,BULK HEAD PILLAR A LH,
XUV,PMAM0101EAW03320N,PMAM0101EAW03320N,WIND SHIELD MTG BRKT PLR A TOP RH,
XUV,PMAM0101EAW03330N,PMAM0101EAW03330N,WIND SHIELD MTG BRKT PLR A TOP LH,
XUV,PMAM0101EAW03470N,PMAM0101EAW03470N,EXTN FRONT HEADER BRACKET RH,
XUV,PMAM0101EAW03480N,PMAM0101EAW03480N,EXTN FRONT HEADER BRACKET LH,
XUV,PMAM0101EW1180N,PMAM0101EW01180N-I,NUT PLATE FOR CHK ARM RH,
XUV,PMAM0101EW1190N,PMAM0101EW01190N-I,NUT PLATE FOR CHK ARM LH,
XUV,PMAM0101EW0340N,PMAM0101EW0340N,EXT TAILLAMP PILLAR D OTR RH,
XUV,PMAM0101EW0350N,PMAM0101EW0350N,EXT TAILLAMP PILLAR D OTR LH,
XUV,PMAM0101EW0360N-V,PMAM0101EW0360N,REINF CANTRAIL SIDE REAR RH,
XUV,PMAM0101EW0370N-V,PMAM0101EW0370N,REINF CANTRAIL SIDE REAR LH,
XUV,PMAM0101EW0600N,PMAM0101EW0600N,REINF HINGE MTG PLR B TOP-RH,
XUV,PMAM0101EW0610N,PMAM0101EW0610N,REINF HINGE MTG PLR B TOP-LH,
XUV,PMAM0101EW0830NV,PMAM0101EW0830NI,ASSY REINF FRT HINGE TOP RH,
XUV,PMAM0101EW1180N,PMAM0101EW1180N,NUT PLATE FOR CHK ARM RH,
XUV,PMAM0101EW1190N,PMAM0101EW1190N,NUT PLATE FOR CHK ARM LH,
XUV,PMAM0101EW1280NV,PMAM0101EW1280N,ASSY REINF FRT HINGE TOP LH,
XUV,PMAM0101EW1360N-V,PMAM0101EW1360N,BRKT TRIM PLR D MTG LWR,
XUV,PMAM0101EW1360N-V,PMAM0101EW1360N,,1
XUV,PMAM0101EW1370N-V,PMAM0101EW1370N,BKT TRIM PLR D MTG,
XUV,PMAM0101EW1370N-V,PMAM0101EW1370N,,1
XUV,PMAM0101EW14100N,PMAM0101EW14100N-I,,
XUV,PMAM0101EW14100N,PMAM0101EW14100N-I,,1
XUV,PMAM0101EW1440N,PMAM0101EW1440N-I,ANCHRG D LOOP PILLAR C UPR RH,
XUV,PMAM0101EW1440N,PMAM0101EW1440N-I,,1
XUV,PMAM0101EW1450N,PMAM0101EW1450N-I,ANCHRG D LOOP PILLAR C UPR LH,
XUV,PMAM0101EW1480N,PMAM0101EW1480N,REINF ELR MTG PILLAR C RH,
XUV,PMAM0101EW1490N,PMAM0101EW1490N,REINF ELR MTG PILLAR C LH,
XUV,PMAM0102AAW01030NV,PMAM0102AAW00680-I,ASSY REINF CCB MTG- RH,
XUV,PMAM0102AAW01030NV,PMAM0102AAW00680-I,,1
XUV,PMAM0102AAW01040NV,PMAM0102AAW00690-I,ASSY REINF CCB MTG LH,
XUV,PMAM0102AAW01040NV,PMAM0102AAW00690-I,,1
XUV,PMAM0102AAW00830N,PMAM0102AAW00830N,REINF PANEL  W/H UPPER LH,
XUV,PMAM0102AAW01100NV,PMAM0102AAW01100NI,,
XUV,PMAM0102AAW01100NV,PMAM0102AAW01100NI,,1
XUV,PMAM0102AAW01320N,PMAM0102AAW01320N,BRKT BRAKE PEDAL BOX MTG RHD,
XUV,PMAM0102AAW01330NV,PMAM0102AAW01330NI,ASSY WIPER MTG BRKT PIVOT 1,
XUV,PMAM0102AAW01350NV,PMAM0102AAW01350NI,ASSY WIPER MTG BRKT PIVOT 2,
XUV,PMAM0102AAW013100NV,PMAM0102AAW01360-I,WIPER MTG BRKT PIVOT  2,
XUV,PMAM0102AAW013100NV,PMAM0102AAW01360-I,,2
XUV,PMAM0102AAW01370NV,PMAM0102AAW01380-I,ASSY WIPER BTG BRKT PIVOT 3,
XUV,PMAM0102AAW01370NV,PMAM0102AAW01380-I,,2
XUV,PMAM0102AAW01450NV,PMAM0102AAW01450NI,ASSY INTER COOLER MTG BRKT LH,
XUV,PMAM0102AAW01460N,PMAM0102AAW01460N,INTER COOLER MTG BRKT RH,
XUV,PMAM0102AAW014100NV,PMAM0102AAW01470-I,INTER COOLER MTG BRKT LH,
XUV,PMAM0102AAW014100NV,PMAM0102AAW01470-I,,4
XUV,PMAM0102AAW01500N,PMAM0102AAW01500N,IP LOCATING BRKT INNER RH,
XUV,PMAM0102AAW01530N,PMAM0102AAW01530N,IP LOCATING BRKT OUTER LH,
XUV,PMAM0102AAW01690NV,PMAM0102AAW01690NI,ASSY CLUTCH UPPER MTG BRKT RH,
XUV,PMAM0102AAW01750NV,PMAM0102AAW01750NI,ASSY FNDR MTG BRKT FRNT LWR RH,
XUV,PMAM0102AAW01760NV,PMAM0102AAW01760NI,ASSY FNDR MTG BRKT FRNT LWR LH,
XUV,PMAM0102AAW01760NV,PMAM0102AAW01760NI,,1
XUV,PMAM0102AAW01770N,PMAM0102AAW01770N,ENGINE COMP WIRING MTG BRKT,
XUV,PMAM0102AAW01770N,PMAM0102AAW01770N,,5
XUV,PMAM0102AAW02190N,PMAM0102AAW02190N,REINFORCEMNT PNL DASH,
XUV,PMAM0102AAW2660N-V,PMAM0102AAW02640-I,ASSY BEC MTG BRKT-BOP,
XUV,PMAM0102AAW2660N-V,PMAM0102AAW02640-I,,1
XUV,PMAM0102AAW26100N-V,PMAM0102AAW26100N-I,,4
XUV,PMAM0102AAW2650N-V,PMAM0102AAW2650N-I,WIPER PIGTAIL MOUNTING BRKT,
XUV,PMAM0102AW0460N,PMAM0102AW0460N,REINF PANEL  W/H UPPER RH,
XUV,PMAM0102AW0640NV,PMAM0102AW06100N-I,ASSY REINF HINGE HOOD LWR - RH,
XUV,PMAM0102AW0640NV,PMAM0102AW06100N-I,,1
XUV,PMVM0102AW0610N-V,PMAM0102AW0610N-I,REINF BRKT BRAKE / CLUTCH MTG,
XUV,PMAM0102AW0630N,PMAM0102AW0630N-I,BRKT PLENUM OUTER/DASH MTG,
XUV,PMAM0102AW0630N,PMAM0102AW0630N-I,,4
XUV,PMAM0102AAW01020NV,PMAM0102AW0670N-I,ASSY REINF HINGE HOOD LWR - LH,
XUV,PMAM0102AAW01020NV,PMAM0102AW0670N-I,,1
XUV,PMAM0102CAW00200N,PMAM0102CAW00200N,FENDER MTG BRKT 12B RH,
XUV,PMAM0102EW0070NV,PMAM0102EW0070N,ASSY REINF. HINGE HOOD RH,
XUV,PMAM0102EW0080NV,PMAM0102EW0080N,ASSY REINFORCEMENT HINGE HOOD LH,
XUV,PMNA6101DAC00450N,PMNA6101DAC00450NI,BKT SIDE ROOF TRIM MTG HIGH ROOF,
XUV,PMVL0101BAP2120N-V,PMVL0101BAP2120N-V,Extn cross mbr plr C - RH/LH,
XUV,PMVL0101BAP2190N-V,PMVL0101BAP2190N-V,Extn cross mbr plr C - LH,
XUV,PMVL0101EAR3650N-V,PMVL0101EAR3650N-V,GUSSET B-PILLAR OUTER,
XUV,PMVL0102AAW02400N,PMVL0102AAW02400N,WIPER MOUNTING BRCKET PIVOT 1 LHD,
XUV,PMVL0102AAW02420N,PMVL0102AAW02420N,WIPER MOUNTING BRACKET PIVOT  2 LHD,
XUV,PMVL0102AAW02420N,PMVL0102AAW02420N,,2
XUV,PMVL0102AAW02440N,PMVL0102AAW02440N,WIPER BTG BRKT PIVOT 3 LHD,
XUV,PMVL0102AAW02440N,PMVL0102AAW02440N,,2
XUV,PMVL0102AAW02460N,PMVL0102AAW02460N,BRACKET BRAKE PEDAL BOX MOUNTING LHD,
XUV,PMVL0102AAW02460N,PMVL0102AAW02460N,,2
XUV,PMVL0102AAW029100NV,PMVL0102AAW029100NV,,1
XUV,PMVL0102AAW02950NV,PMVL0102AAW02950N,,
XUV,PMVL0102AAW2380N-V,PMVL0102AAW2380N-V,WIPER MOTOR LOCATING BRACKET LHD,
XUV,PMVL0102AAW2380N-V,PMVL0102AAW2380N-V,,2
XUV,PMVM0101CAW00530-V,PMVM0101CAW00530-I,BKT VAC RESERVOIR,
XUV,PMVM0101EAR158100-V,PMVM0101EAR158100-I,,
XUV,PMVM0101EW0770N-V,PMVM0101EW0770N-V,ASSY NUT PLATE STRIKER-BOP,
XUV,PMAM0102AAW01100N,PMVM0102AAW01100-I,,
XUV,PMAM0102AAW01100N,PMVM0102AAW01100-I,,4
XUV,PMVM0102AAW025100N,PMVM0102AAW025100N,,
XUV,PMVM0102AAW025100N,PMVM0102AAW025100N,,1
XUV,PMVM0102AAW02510N,PMVM0102AAW02510N,REINF BRKT BRAKE / CLUTCH MOUNTING  LHD,
XUV,PMVM0102AAW02510N,PMVM0102AAW02510N,,2
XUV,PMVM0102AAW02550N,PMVM0102AAW02550N,,
XUV,PMVM0102AAW04990-V,PMVM0102AAW04990-I,BRACKET DEGASSING TANK GAS,
XUV,PMVM0102AAW04990-V,PMVM0102AAW04990-V,,2
XUV,PMVM0102AW0610N-V,PMVM0102AW0610N-V,,1
XUV,PMVM101BAW08590N-V,PMVM101BAW08590N-V,GEAR SHIFT MTG BKT FRT FLR,
XUV,PMVM102EAW00740N-V,PMVM102EAW00740N-I,REINF STAY ROD CT,
XUV,PMVM102EAW00780N-V,PMVM102EAW00780N-I,REINF FRONT HOOD CT,
XUV,PMVM2302AAN01480-V,PMVM2302AAN01480-V,BUMPER WELDING ROD - 1480,
Z101,.,.,.,.
Z101,,PMVM0101BZ104620-I,NUT PLATE SEAT BELT MTG RR,
Z101,PMVM0101BZ104620-I,PMVM0101BZ104620-I,NUT PLATE SEAT BELT MTG RR,
Z101,PMVM0101BZ104620-I,PMVM0101BZ104620-I,NUT PLATE SEAT BELT MTG RR,1
Z101,,PMVM0101EZ105810-I,REINFORCEMENT PILLAR B UPPER RH,
Z101,PMVM0101EZ105810-I,PMVM0101EZ105810-I,REINFORCEMENT PILLAR B UPPER RH,
Z101,PMVM0101EZ105810-I,PMVM0101EZ105810-I,REINFORCEMENT PILLAR B UPPER RH,1
Z101,,PMVM0101EZ105820-I,REINFORCEMENT PILLAR B UPPER LH   ,
Z101,PMVM0101EZ105820-I,PMVM0101EZ105820-I,REINFORCEMENT PILLAR B UPPER LH      ,
Z101,PMVM0101EZ105820-I,PMVM0101EZ105820-I,REINFORCEMENT PILLAR B UPPER LH,1
Z101,PMVM101BZ101800N-I,PMVM101BZ101800N-I,CROSS MEMBER ASSEMBLY REAR FLOOR,
Z101,PMVM101BZ101910N-I,PMVM101BZ101910N-I,CROSS MEMBER ASSY TRUNK FLOOR FRONT,
Z101,,PMVM101BZ102200N-I,REINF SEAT MOUNT,
Z101,PMVM101BZ102200N-I,PMVM101BZ102200N-I,REINF SEAT MOUNT,
Z101,PMVM101BZ102200N-I,PMVM101BZ102200N-I,REINF SEAT MOUNT,1
Z101,,PMVM101BZ102280N-I,REINF SEAT MOUNT,
Z101,PMVM101BZ102280N-I,PMVM101BZ102280N-I,REINF SEAT MOUNT,
Z101,PMVM101BZ102280N-I,PMVM101BZ102280N-I,REINF SEAT MOUNT,2
Z101,,PMVM101BZ102290N-I,REINF 3RD ROW SEAT MOUNT,
Z101,PMVM101BZ102290N-I,PMVM101BZ102290N-I,REINF 3RD ROW SEAT MOUNT,
Z101,PMVM101BZ102290N-I,PMVM101BZ102290N-I,REINF 3RD ROW SEAT MOUNT,2
Z101,,PMVM101BZ102850N-I,REINF SEAT MOUNT ,
Z101,PMVM101BZ102850N-I,PMVM101BZ102850N-I,REINF SEAT MOUNT 1 ,
Z101,PMVM101BZ102850N-I,PMVM101BZ102850N-I,REINF SEAT MOUNT 1,1
Z101,PMVM101BZ102870N-I,PMVM101BZ102870N-I,ASSY CROSS MEMBER REAR SEAT,
Z101,,PMVM101BZ103090N-I,REINF SEAT MOUNT CTR.1,
Z101,PMVM101BZ103090N-I,PMVM101BZ103090N-I,REINF SEAT MOUNT CTR.1,
Z101,PMVM101BZ103090N-I,PMVM101BZ103090N-I,REINF SEAT MOUNT CTR.1,2
Z101,,PMVM101BZ103470N-I,REINF SEAT MOUNT INR,
Z101,PMVM101BZ103470N-I,PMVM101BZ103470N-I,REINF SEAT MOUNT INR,
Z101,PMVM101BZ103470N-I,PMVM101BZ103470N-I,REINF SEAT MOUNT INR,1
Z101,,PMVM101EZ103320N-I,REINF HINGE MTG UPR RH,
Z101,PMVM101EZ103320N-I,PMVM101EZ103320N-I,REINF HINGE MTG UPR RH,
Z101,PMVM101EZ103320N-I,PMVM101EZ103320N-I,REINF HINGE MTG UPR RH,1
Z101,,PMVM101EZ103330N-I,REINF HINGE MTG UPR RH,
Z101,PMVM101EZ103330N-I,PMVM101EZ103330N-I,REINF HINGE MTG UPR LH,
Z101,PMVM101EZ103330N-I,PMVM101EZ103330N-I,REINF HINGE MTG UPR LH,1
Z101,,PMVM101EZ103340N-I,REINF HINGE MTG LWR RH,
Z101,PMVM101EZ103340N-I,PMVM101EZ103340N-I,REINF HINGE MTG LWR RH,
Z101,PMVM101EZ103340N-I,PMVM101EZ103340N-I,REINF HINGE MTG LWR RH,1
Z101,,PMVM101EZ103350N-I,REINF HINGE MTG LWR LH,
Z101,PMVM101EZ103350N-I,PMVM101EZ103350N-I,REINF HINGE MTG LWR LH,
Z101,PMVM101EZ103350N-I,PMVM101EZ103350N-I,REINF HINGE MTG LWR LH,1
Z101,,PMVM101EZ103800N-I,BULK HEAD SILL OUTER RH,
Z101,PMVM101EZ104330N-I,PMVM101EZ104330N-I,REINFORCEMENT ASSY PILLAR B LH,
Z101,PMVM101EZ104340N-I,PMVM101EZ104340N-I,REINFORCEMENT ASSY PILLAR B RH,
Z101,PMVM101EZ104350N-I,PMVM101EZ104350N-I,REINF ASSY PILLAR HINGE LH,
Z101,PMVM101EZ104360N-I,PMVM101EZ104360N-I,REINF ASSY PILLAR HINGE RH,
Z101,PMVM102AAG06100N-I,PMVM102AAG06100N-I,ASSY-SHOTGUN OUTER LH,
Z101,PMVM102AAL00280N-I,PMVM102AAL00280N-I,ASSY-COWL SIDE LH,
Z101,PMVM102AAL00300N-I,PMVM102AAL00300N-I,ASSY-COWL SIDE RH,
Z101,,PMVM102AZ101490N-I,REIF IP CROSS CAR BEAM MTG RH,
Z101,PMVM102AZ101490N-I,PMVM102AZ101490N-I,REIF IP CROSS CAR BEAM MTG RH,
Z101,PMVM102AZ101490N-I,PMVM102AZ101490N-I,REINF-IP CROSS CAR BEAM MTNG RH,1
Z101,,PMVM102AZ101500N-I,REIF IP CROSS CAR BEAM MTG LH,
Z101,PMVM102AZ101500N-I,PMVM102AZ101500N-I,REIF IP CROSS CAR BEAM MTG LH,
Z101,PMVM102AZ101500N-I,PMVM102AZ101500N-I,REINF-IP CROSS CAR BEAM MTNG LH,1
Z101,,PMVM102AZ101980N-I,RINF HOOD HINGE RH,
Z101,PMVM102AZ101980N-I,PMVM102AZ101980N-I,RINF HOOD HINGE RH,
Z101,PMVM102AZ101980N-I,PMVM102AZ101980N-I,RINF HOOD HINGE RH,1
Z101,,PMVM102AZ102090N-I,BRKT RINF BATTERY SUPPORT FRONT,
Z101,PMVM102AZ102090N-I,PMVM102AZ102090N-I,BRKT RINF BATTERY SUPPORT FRONT.1,
Z101,PMVM102AZ102090N-I,PMVM102AZ102090N-I,BRKT RINF BATTERY SUPPORT FRONT,1
Z101,,PMVM102AZ102100N-I,BRKT RINF BATTERY SUPPORT  REAR.1,
Z101,PMVM102AZ102100N-I,PMVM102AZ102100N-I,BRKT RINF BATTERY SUPPORT  REAR.1,
Z101,PMVM102AZ102100N-I,PMVM102AZ102100N-I,BRKT RINF BATTERY SUPPORT  REAR,1
Z101,,PMVM1401BAA04270-I,TRAY BATTERY,
Z101,PMVM1401BAA04270-I,PMVM1401BAA04270-I,TRAY BATTERY,1
Z101,PMVM1401BAA34930PC,PMVM1401BAA34930PC,ASSY BRACKET BATTERY SUPPORT,
Z101,,PMVM1401BAA35140-I,BRACKET BATTERY SIDE SUPPORT 1,
Z101,PMVM1401BAA35140-I,PMVM1401BAA35140-I,BRACKET BATTERY SIDE SUPPORT 1,
Z101,PMVM1401BAA35140-I,PMVM1401BAA35140-I,BRACKET BATTERY SIDE SUPPORT 1,1
Z101,,PMVM1401BAA35150-I,BRACKET BATTERY SIDE SUPPORT 2,
Z101,PMVM1401BAA35150-I,PMVM1401BAA35150-I,BRACKET BATTERY SIDE SUPPORT 2,
Z101,PMVM1401BAA35150-I,PMVM1401BAA35150-I,BRACKET BATTERY SIDE SUPPORT 2,1
Z101,,PMVM1401BAA35950-I,BATTERY TRAY ADD ON BRACKET,
Z101,PMVM1401BAA35950-I,PMVM1401BAA35950-I,BATTERY TRAY ADD ON BRACKET,
Z101,PMVM1401BAA35950-I,PMVM1401BAA35950-I,BATTERY TRAY ADD ON BRACKET,1
Z101,,PMVM1801FZ100040-I,BRACKET FUSE BOX,
Z101,PMVM1801FZ100040-I,PMVM1801FZ100040-I,BRACKET FUSE BOX,
Z101,PMVM1801FZ100040-I,PMVM1801FZ100040-I,BRACKET FUSE BOX,1
Z101,,PMVM2302AZ100130-I,FRONT FASCIA LOWER BRACKET CENTER,
Z101,PMVM2302AZ100130-I,PMVM2302AZ100130-I,FRONT FASCIA LOWER BRACKET CENTER,1
Z101,,PMVM2302AZ100430-I,FRONT FASCIA LOWER BRACKET RH,
Z101,PMVM2302AZ100430-I,PMVM2302AZ100430-I,FRONT FASCIA LOWER BRACKET RH,
Z101,PMVM2302AZ100430-I,PMVM2302AZ100430-I,FRONT FASCIA LOWER BRACKET RH,1
Z101,,PMVM2302AZ100440-I,FRONT FASCIA LOWER BRACKET LH,
Z101,PMVM2302AZ100440-I,PMVM2302AZ100440-I,FRONT FASCIA LOWER BRACKET LH,
Z101,PMVM2302AZ100440-I,PMVM2302AZ100440-I,FRONT FASCIA LOWER BRACKET LH,1
Z101,PMVM2302AZ100450PC,PMVM2302AZ100450PC,ASSY FRONT FASCIA LOWER BRACKET,
Z101,,PMVM2302BZ100300-I,BRACKET REAR BUMPER CTR,
Z101,PMVM2302BZ100300-I,PMVM2302BZ100300-I,BRACKET REAR BUMPER CTR,
Z101,PPVP6A002082-I,PPVP6A002082-I,BKT. FOR PRESSURE SWI,1
Z101,PPVP6A002638-I,PPVP6A002638-I,REAR AVM SUP BRACKET,2
Z101,PPVP6A002660-I,PPVP6A002660-I,REINFORCEMENT RR CROSS MEMBER,1
Z101,PPVP6A002661-I,PPVP6A002661-I,ASSY FRONT FASCIA LOWER BRACKET,
Z101,PPVP6A002673-I,PPVP6A002673-I,CROSS MEMBER REAR,1
Z101,PPVP6A002674-I,PPVP6A002674-I,CROSS MEMBER REAR LH SUPPORT,1
Z101,PPVP6A002675-I,PPVP6A002675-I,CROSS MEMBER REAR RH SUPPORT,1
Z101,PPVP6A002676-I,PPVP6A002676-I,"DOUBLER PLATE,AVM SUPPORT BKT.",1
Z101,PPVP6A002686-I,PPVP6A002686-I,SUPPORTING BKT FOR CATCHER,3
